{"stats":{"minecraft:dropped":{"minecraft:wheat_seeds":16,"minecraft:cooked_beef":1,"minecraft:cobblestone":64,"minecraft:white_banner":1,"minecraft:dandelion":1},"minecraft:custom":{"minecraft:interact_with_furnace":1,"minecraft:mob_kills":7,"minecraft:animals_bred":3,"minecraft:traded_with_villager":24,"minecraft:interact_with_crafting_table":15,"minecraft:leave_game":11,"minecraft:time_since_death":47127,"minecraft:sleep_in_bed":1,"minecraft:time_since_rest":32815,"minecraft:sprint_one_cm":236683,"minecraft:open_enderchest":1,"minecraft:damage_taken":741,"minecraft:walk_one_cm":196713,"minecraft:drop":9,"minecraft:damage_dealt":690,"minecraft:swim_one_cm":1278,"minecraft:talked_to_villager":5,"minecraft:fly_one_cm":195565,"minecraft:open_chest":37,"minecraft:crouch_one_cm":24580,"minecraft:play_time":74289,"minecraft:deaths":1,"minecraft:sneak_time":4564,"minecraft:walk_under_water_one_cm":2117,"minecraft:jump":1175,"minecraft:walk_on_water_one_cm":4164,"minecraft:total_world_time":74289,"minecraft:fall_one_cm":31210,"minecraft:horse_one_cm":962},"minecraft:picked_up":{"minecraft:stripped_oak_log":1,"minecraft:birch_log":13,"minecraft:azure_bluet":2,"minecraft:cooked_beef":15,"minecraft:water_bucket":3,"minecraft:birch_planks":51,"minecraft:oak_log":25,"minecraft:cornflower":1,"minecraft:dirt":84,"minecraft:bone":1,"minecraft:wheat_seeds":17,"minecraft:spruce_planks":5,"minecraft:poppy":12,"minecraft:sugar_cane":2,"minecraft:egg":2,"minecraft:stick":2,"minecraft:dandelion":9,"minecraft:spruce_stairs":5,"minecraft:porkchop":5,"minecraft:spruce_log":6,"minecraft:oak_sapling":2,"minecraft:mutton":2,"minecraft:white_wool":6,"minecraft:cobblestone":74,"minecraft:oxeye_daisy":1},"minecraft:crafted":{"minecraft:oak_planks":104,"minecraft:emerald":24,"minecraft:crafting_table":4,"minecraft:spruce_planks":24,"minecraft:iron_helmet":1,"minecraft:spruce_door":3,"minecraft:bucket":5,"minecraft:birch_planks":52,"minecraft:air":0,"minecraft:spruce_stairs":60,"minecraft:iron_boots":1,"minecraft:iron_chestplate":1,"minecraft:shield":1,"minecraft:iron_axe":1,"minecraft:spruce_slab":42,"minecraft:stick":4,"minecraft:iron_pickaxe":1,"minecraft:wooden_axe":1,"minecraft:iron_shovel":5,"minecraft:iron_leggings":1,"minecraft:white_bed":1,"minecraft:shears":1},"minecraft:used":{"minecraft:water_bucket":13,"minecraft:iron_shovel":124,"minecraft:birch_planks":55,"minecraft:spruce_slab":14,"minecraft:spruce_planks":142,"minecraft:dirt":33,"minecraft:mutton":2,"minecraft:crafting_table":3,"minecraft:spruce_stairs":53,"minecraft:white_bed":1,"minecraft:wooden_axe":54,"minecraft:iron_axe":57,"minecraft:iron_pickaxe":10,"minecraft:cobblestone":266,"minecraft:porkchop":5,"minecraft:bucket":17,"minecraft:egg":2,"minecraft:cooked_beef":8},"minecraft:mined":{"minecraft:spruce_planks":5,"minecraft:dandelion":8,"minecraft:cornflower":1,"minecraft:grass_block":92,"minecraft:poppy":13,"minecraft:tall_grass":10,"minecraft:cobblestone":10,"minecraft:spruce_leaves":2,"minecraft:sugar_cane":1,"minecraft:oxeye_daisy":1,"minecraft:spruce_stairs":5,"minecraft:birch_planks":51,"minecraft:birch_log":13,"minecraft:spruce_log":6,"minecraft:birch_leaves":14,"minecraft:azure_bluet":2,"minecraft:grass":117,"minecraft:oak_log":25,"minecraft:dirt_path":2,"minecraft:dirt":1,"minecraft:stripped_oak_log":1,"minecraft:oak_leaves":11},"minecraft:broken":{"minecraft:wooden_axe":1},"minecraft:killed":{"minecraft:pig":3,"minecraft:sheep":3,"minecraft:chicken":1}},"DataVersion":3465}