{"stats":{"minecraft:custom":{"minecraft:interact_with_anvil":1,"minecraft:mob_kills":13,"minecraft:animals_bred":3,"minecraft:interact_with_crafting_table":20,"minecraft:leave_game":12,"minecraft:time_since_death":106191,"minecraft:climb_one_cm":66,"minecraft:sprint_one_cm":322914,"minecraft:walk_one_cm":354860,"minecraft:drop":32,"minecraft:talked_to_villager":46,"minecraft:play_time":133353,"minecraft:deaths":1,"minecraft:sneak_time":14665,"minecraft:walk_under_water_one_cm":2117,"minecraft:jump":1539,"minecraft:walk_on_water_one_cm":4164,"minecraft:total_world_time":133353,"minecraft:interact_with_furnace":2,"minecraft:traded_with_villager":86,"minecraft:sleep_in_bed":6,"minecraft:time_since_rest":12842,"minecraft:open_enderchest":2,"minecraft:damage_taken":1104,"minecraft:damage_dealt":1782,"minecraft:fly_one_cm":249860,"minecraft:swim_one_cm":1278,"minecraft:open_chest":51,"minecraft:crouch_one_cm":65817,"minecraft:fall_one_cm":38679,"minecraft:horse_one_cm":962},"minecraft:dropped":{"minecraft:iron_ingot":1,"minecraft:wheat_seeds":79,"minecraft:cooked_beef":1,"minecraft:yellow_terracotta":2,"minecraft:cobblestone":64,"minecraft:leather":1,"minecraft:iron_horse_armor":1,"minecraft:stick":16,"minecraft:dirt":24,"minecraft:torch":3,"minecraft:white_banner":1,"minecraft:iron_shovel":1,"minecraft:dandelion":2,"minecraft:sugar_cane":2,"minecraft:rotten_flesh":2,"minecraft:white_terracotta":3,"minecraft:nether_bricks":14,"minecraft:salmon":1,"minecraft:deepslate_bricks":4,"minecraft:poppy":1,"minecraft:orange_terracotta":2,"minecraft:leather_boots":2},"minecraft:picked_up":{"minecraft:crafting_table":1,"minecraft:azure_bluet":2,"minecraft:nether_wart":50,"minecraft:stone_brick_stairs":22,"minecraft:cornflower":1,"minecraft:red_bed":1,"minecraft:item_frame":1,"minecraft:spruce_planks":50,"minecraft:poppy":15,"minecraft:spruce_slab":6,"minecraft:sugar_cane":303,"minecraft:spruce_trapdoor":18,"minecraft:egg":2,"minecraft:stick":16,"minecraft:torch":11,"minecraft:spruce_stairs":18,"minecraft:spruce_fence":12,"minecraft:porkchop":5,"minecraft:arrow":2,"minecraft:rotten_flesh":6,"minecraft:nether_bricks":14,"minecraft:deepslate_bricks":4,"minecraft:yellow_terracotta":2,"minecraft:white_terracotta":3,"minecraft:mutton":2,"minecraft:white_wool":6,"minecraft:cobblestone":284,"minecraft:oxeye_daisy":1,"minecraft:stripped_oak_log":1,"minecraft:birch_log":13,"minecraft:cooked_beef":15,"minecraft:water_bucket":3,"minecraft:leather":1,"minecraft:birch_planks":51,"minecraft:oak_log":25,"minecraft:yellow_bed":4,"minecraft:dirt":351,"minecraft:lantern":2,"minecraft:orange_terracotta":2,"minecraft:leather_boots":2,"minecraft:glass":25,"minecraft:bone":3,"minecraft:bow":1,"minecraft:wheat_seeds":82,"minecraft:soul_sand":9,"minecraft:chiseled_stone_bricks":21,"minecraft:dandelion":11,"minecraft:spruce_log":8,"minecraft:spruce_door":1,"minecraft:oak_sapling":2},"minecraft:crafted":{"minecraft:oak_planks":104,"minecraft:cobblestone_stairs":20,"minecraft:spruce_stairs":60,"minecraft:diamond_leggings":1,"minecraft:iron_boots":1,"minecraft:iron_axe":1,"minecraft:spruce_slab":42,"minecraft:diamond_boots":1,"minecraft:red_dye":1,"minecraft:emerald":83,"minecraft:crafting_table":4,"minecraft:spruce_planks":32,"minecraft:iron_helmet":1,"minecraft:spruce_door":3,"minecraft:red_bed":1,"minecraft:bucket":5,"minecraft:birch_planks":52,"minecraft:air":0,"minecraft:iron_chestplate":1,"minecraft:paper":297,"minecraft:shield":1,"minecraft:stick":12,"minecraft:birch_fence":6,"minecraft:iron_pickaxe":2,"minecraft:wooden_axe":1,"minecraft:iron_shovel":5,"minecraft:iron_leggings":1,"minecraft:white_bed":1,"minecraft:shears":1,"minecraft:diamond_chestplate":1},"minecraft:used":{"minecraft:oak_fence":8,"minecraft:iron_shovel":162,"minecraft:spruce_slab":14,"minecraft:poppy":1,"minecraft:spruce_planks":175,"minecraft:torch":42,"minecraft:dirt":183,"minecraft:mutton":2,"minecraft:spruce_stairs":79,"minecraft:spruce_fence":12,"minecraft:wooden_axe":54,"minecraft:iron_axe":215,"minecraft:stone_brick_stairs":22,"minecraft:egg":2,"minecraft:cooked_beef":12,"minecraft:water_bucket":13,"minecraft:cobblestone_stairs":20,"minecraft:birch_planks":55,"minecraft:crafting_table":3,"minecraft:red_bed":2,"minecraft:white_bed":1,"minecraft:birch_fence":6,"minecraft:diamond_shovel":219,"minecraft:iron_pickaxe":278,"minecraft:spruce_trapdoor":7,"minecraft:chiseled_stone_bricks":21,"minecraft:cobblestone":639,"minecraft:porkchop":5,"minecraft:bucket":17,"minecraft:yellow_bed":3,"minecraft:dandelion":1},"minecraft:mined":{"minecraft:spruce_planks":50,"minecraft:spruce_trapdoor":19,"minecraft:spruce_fence":12,"minecraft:grass_block":319,"minecraft:spruce_leaves":2,"minecraft:oxeye_daisy":1,"minecraft:nether_wart":8,"minecraft:chiseled_stone_bricks":21,"minecraft:azure_bluet":3,"minecraft:dirt_path":3,"minecraft:lantern":1,"minecraft:stripped_oak_log":1,"minecraft:stone":85,"minecraft:spruce_slab":4,"minecraft:red_bed":1,"minecraft:soul_sand":8,"minecraft:dandelion":10,"minecraft:spruce_door":1,"minecraft:crafting_table":2,"minecraft:cornflower":1,"minecraft:torch":6,"minecraft:poppy":14,"minecraft:chest":3,"minecraft:cobblestone":128,"minecraft:tall_grass":28,"minecraft:sugar_cane":231,"minecraft:wall_torch":1,"minecraft:cauldron":1,"minecraft:spruce_stairs":18,"minecraft:stone_stairs":1,"minecraft:birch_planks":51,"minecraft:birch_log":13,"minecraft:spruce_log":8,"minecraft:birch_leaves":14,"minecraft:yellow_bed":4,"minecraft:stone_brick_stairs":23,"minecraft:grass":148,"minecraft:oak_log":25,"minecraft:dirt":28,"minecraft:spruce_fence_gate":13,"minecraft:oak_leaves":11},"minecraft:broken":{"minecraft:iron_pickaxe":1,"minecraft:wooden_axe":1},"minecraft:killed":{"minecraft:skeleton":2,"minecraft:chicken":1,"minecraft:pig":3,"minecraft:sheep":3,"minecraft:zombie":4}},"DataVersion":3465}