{"stats":{"minecraft:dropped":{"minecraft:wheat_seeds":75,"minecraft:cooked_beef":1,"minecraft:yellow_terracotta":2,"minecraft:cobblestone":64,"minecraft:leather":1,"minecraft:iron_horse_armor":1,"minecraft:white_terracotta":3,"minecraft:nether_bricks":14,"minecraft:salmon":1,"minecraft:deepslate_bricks":4,"minecraft:orange_terracotta":2,"minecraft:white_banner":1,"minecraft:dandelion":1},"minecraft:custom":{"minecraft:interact_with_furnace":2,"minecraft:mob_kills":7,"minecraft:animals_bred":3,"minecraft:traded_with_villager":24,"minecraft:interact_with_crafting_table":16,"minecraft:leave_game":11,"minecraft:time_since_death":59127,"minecraft:sleep_in_bed":3,"minecraft:time_since_rest":0,"minecraft:sprint_one_cm":243662,"minecraft:open_enderchest":1,"minecraft:damage_taken":741,"minecraft:walk_one_cm":228076,"minecraft:drop":18,"minecraft:damage_dealt":690,"minecraft:swim_one_cm":1278,"minecraft:talked_to_villager":5,"minecraft:fly_one_cm":201100,"minecraft:open_chest":43,"minecraft:crouch_one_cm":28041,"minecraft:play_time":86289,"minecraft:deaths":1,"minecraft:sneak_time":5411,"minecraft:walk_under_water_one_cm":2117,"minecraft:jump":1227,"minecraft:walk_on_water_one_cm":4164,"minecraft:total_world_time":86289,"minecraft:fall_one_cm":31686,"minecraft:horse_one_cm":962},"minecraft:picked_up":{"minecraft:stripped_oak_log":1,"minecraft:birch_log":13,"minecraft:azure_bluet":2,"minecraft:cooked_beef":15,"minecraft:nether_wart":50,"minecraft:water_bucket":3,"minecraft:leather":1,"minecraft:birch_planks":51,"minecraft:oak_log":25,"minecraft:yellow_bed":1,"minecraft:cornflower":1,"minecraft:dirt":124,"minecraft:orange_terracotta":2,"minecraft:glass":25,"minecraft:bone":1,"minecraft:wheat_seeds":78,"minecraft:spruce_planks":18,"minecraft:spruce_slab":2,"minecraft:poppy":12,"minecraft:sugar_cane":2,"minecraft:soul_sand":9,"minecraft:egg":2,"minecraft:stick":2,"minecraft:dandelion":9,"minecraft:spruce_stairs":5,"minecraft:porkchop":5,"minecraft:spruce_log":6,"minecraft:nether_bricks":14,"minecraft:deepslate_bricks":4,"minecraft:yellow_terracotta":2,"minecraft:white_terracotta":3,"minecraft:oak_sapling":2,"minecraft:mutton":2,"minecraft:white_wool":6,"minecraft:cobblestone":110,"minecraft:oxeye_daisy":1},"minecraft:crafted":{"minecraft:oak_planks":104,"minecraft:emerald":24,"minecraft:crafting_table":4,"minecraft:spruce_planks":24,"minecraft:iron_helmet":1,"minecraft:spruce_door":3,"minecraft:cobblestone_stairs":20,"minecraft:bucket":5,"minecraft:birch_planks":52,"minecraft:air":0,"minecraft:spruce_stairs":60,"minecraft:iron_boots":1,"minecraft:iron_chestplate":1,"minecraft:shield":1,"minecraft:iron_axe":1,"minecraft:spruce_slab":42,"minecraft:stick":4,"minecraft:iron_pickaxe":1,"minecraft:wooden_axe":1,"minecraft:iron_shovel":5,"minecraft:iron_leggings":1,"minecraft:white_bed":1,"minecraft:shears":1},"minecraft:used":{"minecraft:water_bucket":13,"minecraft:cobblestone_stairs":20,"minecraft:iron_shovel":162,"minecraft:birch_planks":55,"minecraft:spruce_slab":14,"minecraft:spruce_planks":142,"minecraft:dirt":34,"minecraft:mutton":2,"minecraft:crafting_table":3,"minecraft:spruce_stairs":65,"minecraft:white_bed":1,"minecraft:wooden_axe":54,"minecraft:iron_axe":75,"minecraft:iron_pickaxe":56,"minecraft:cobblestone":435,"minecraft:porkchop":5,"minecraft:bucket":17,"minecraft:yellow_bed":1,"minecraft:egg":2,"minecraft:cooked_beef":8},"minecraft:mined":{"minecraft:spruce_planks":18,"minecraft:soul_sand":8,"minecraft:dandelion":9,"minecraft:cornflower":1,"minecraft:spruce_trapdoor":1,"minecraft:grass_block":130,"minecraft:poppy":13,"minecraft:chest":3,"minecraft:tall_grass":25,"minecraft:cobblestone":34,"minecraft:spruce_leaves":2,"minecraft:sugar_cane":1,"minecraft:nether_wart":8,"minecraft:oxeye_daisy":1,"minecraft:cauldron":1,"minecraft:spruce_stairs":5,"minecraft:birch_planks":51,"minecraft:birch_log":13,"minecraft:spruce_log":6,"minecraft:birch_leaves":14,"minecraft:yellow_bed":1,"minecraft:azure_bluet":3,"minecraft:grass":140,"minecraft:oak_log":25,"minecraft:dirt_path":2,"minecraft:dirt":1,"minecraft:stripped_oak_log":1,"minecraft:stone":4,"minecraft:oak_leaves":11},"minecraft:broken":{"minecraft:wooden_axe":1},"minecraft:killed":{"minecraft:pig":3,"minecraft:sheep":3,"minecraft:chicken":1}},"DataVersion":3465}