{"stats":{"minecraft:custom":{"minecraft:interact_with_crafting_table":199,"minecraft:bell_ring":186,"minecraft:leave_game":35,"minecraft:time_since_death":433005,"minecraft:sprint_one_cm":4068800,"minecraft:damage_blocked_by_shield":5040,"minecraft:drop":273,"minecraft:talked_to_villager":571,"minecraft:play_time":1621647,"minecraft:deaths":14,"minecraft:jump":27832,"minecraft:interact_with_brewingstand":1,"minecraft:walk_on_water_one_cm":206375,"minecraft:interact_with_furnace":50,"minecraft:traded_with_villager":737,"minecraft:sleep_in_bed":75,"minecraft:open_enderchest":1,"minecraft:damage_dealt":60103,"minecraft:player_kills":1,"minecraft:crouch_one_cm":288159,"minecraft:interact_with_smoker":4,"minecraft:horse_one_cm":50127,"minecraft:interact_with_smithing_table":5,"minecraft:interact_with_anvil":14,"minecraft:mob_kills":291,"minecraft:inspect_hopper":45,"minecraft:climb_one_cm":149611,"minecraft:walk_one_cm":2734302,"minecraft:raid_win":1,"minecraft:sneak_time":90044,"minecraft:walk_under_water_one_cm":337539,"minecraft:boat_one_cm":38632,"minecraft:interact_with_blast_furnace":6,"minecraft:total_world_time":1621647,"minecraft:raid_trigger":1,"minecraft:interact_with_grindstone":1,"minecraft:interact_with_stonecutter":41,"minecraft:time_since_rest":856,"minecraft:damage_absorbed":80,"minecraft:damage_taken":19268,"minecraft:swim_one_cm":8720,"minecraft:fly_one_cm":7802575,"minecraft:open_chest":952,"minecraft:fall_one_cm":1076558},"minecraft:dropped":{"minecraft:diamond_axe":1,"minecraft:crafting_table":1,"minecraft:red_sandstone":7,"minecraft:leather":5,"minecraft:flint":1,"minecraft:emerald":5,"minecraft:dirt":219,"minecraft:crimson_roots":2,"minecraft:cut_sandstone":1,"minecraft:snout_armor_trim_smithing_template":1,"minecraft:amethyst_shard":2,"minecraft:sugar":10,"minecraft:dark_oak_planks":1,"minecraft:white_wool":2,"minecraft:gold_ingot":3,"minecraft:bone":5,"minecraft:gravel":14,"minecraft:sugar_cane":2,"minecraft:golden_chestplate":3,"minecraft:cobbled_deepslate":5,"minecraft:wheat":2,"minecraft:birch_sapling":4,"minecraft:rotten_flesh":58,"minecraft:oak_planks":1,"minecraft:nether_brick_fence":2,"minecraft:carrot":565,"minecraft:gunpowder":8,"minecraft:coal_ore":4,"minecraft:melon_seeds":2,"minecraft:chest":1,"minecraft:iron_ore":4,"minecraft:arrow":30,"minecraft:netherrack":315,"minecraft:egg":3,"minecraft:crimson_planks":2,"minecraft:iron_ingot":9,"minecraft:bread":21,"minecraft:oak_slab":12,"minecraft:wheat_seeds":51,"minecraft:deepslate_redstone_ore":2,"minecraft:dripstone_block":6,"minecraft:diamond_leggings":1,"minecraft:oak_fence":2,"minecraft:feather":10,"minecraft:cobblestone":423,"minecraft:book":10,"minecraft:granite":22,"minecraft:coal":26,"minecraft:stick":20,"minecraft:diamond_horse_armor":1,"minecraft:diorite":4,"minecraft:diamond_helmet":1,"minecraft:brown_terracotta":11,"minecraft:red_dye":1,"minecraft:string":70,"minecraft:smooth_sandstone":3,"minecraft:dandelion":3,"minecraft:soul_soil":1,"minecraft:oak_trapdoor":2,"minecraft:blaze_rod":1,"minecraft:tuff":2,"minecraft:raw_iron":16,"minecraft:iron_boots":6,"minecraft:oak_sign":2,"minecraft:totem_of_undying":1,"minecraft:spruce_fence":5,"minecraft:pumpkin_seeds":32,"minecraft:cobblestone_slab":2,"minecraft:filled_map":1,"minecraft:diamond_sword":2,"minecraft:potato":1,"minecraft:stone":71,"minecraft:diamond_chestplate":1,"minecraft:spruce_planks":2,"minecraft:andesite":54,"minecraft:oak_boat":1,"minecraft:spider_eye":2,"minecraft:diamond_boots":1,"minecraft:red_sand":13,"minecraft:wooden_pickaxe":1},"minecraft:picked_up":{"minecraft:wheat":19,"minecraft:redstone_block":22,"minecraft:nether_brick_fence":2,"minecraft:smithing_table":1,"minecraft:lead":7,"minecraft:diamond_sword":9,"minecraft:oak_stairs":14,"minecraft:enchanted_book":3,"minecraft:gilded_blackstone":2,"minecraft:stone_brick_stairs":18,"minecraft:crimson_planks":28,"minecraft:brewing_stand":1,"minecraft:golden_sword":4,"minecraft:string":3899,"minecraft:soul_soil":11,"minecraft:raw_copper":615,"minecraft:diamond_leggings":4,"minecraft:red_sand":48,"minecraft:gold_nugget":1,"minecraft:cobbled_deepslate":240,"minecraft:bucket":3,"minecraft:spruce_planks":28,"minecraft:cobblestone_slab":14,"minecraft:iron_pickaxe":4,"minecraft:hopper_minecart":7,"minecraft:iron_boots":14,"minecraft:furnace":1,"minecraft:dark_oak_door":4,"minecraft:stick":233,"minecraft:acacia_fence":1,"minecraft:green_bed":3,"minecraft:acacia_log":34,"minecraft:composter":12,"minecraft:brown_terracotta":11,"minecraft:oak_fence":58,"minecraft:torch":61,"minecraft:spruce_stairs":45,"minecraft:porkchop":4,"minecraft:golden_axe":1,"minecraft:diorite":377,"minecraft:golden_chestplate":5,"minecraft:cauldron":21,"minecraft:nether_gold_ore":8,"minecraft:cactus":15,"minecraft:rotten_flesh":125,"minecraft:iron_block":8,"minecraft:carved_pumpkin":10,"minecraft:white_terracotta":5,"minecraft:blaze_rod":2,"minecraft:deepslate_brick_stairs":14,"minecraft:obsidian":62,"minecraft:cobblestone":3889,"minecraft:birch_log":86,"minecraft:magma_block":108,"minecraft:feather":22,"minecraft:cooked_beef":2,"minecraft:water_bucket":1,"minecraft:andesite":299,"minecraft:smoker":4,"minecraft:potato":65,"minecraft:flint":5,"minecraft:tuff":3,"minecraft:acacia_boat":8,"minecraft:lapis_lazuli":27,"minecraft:dirt":1950,"minecraft:lantern":10,"minecraft:leather_boots":1,"minecraft:bone":97,"minecraft:acacia_planks":137,"minecraft:stonecutter":28,"minecraft:bow":1,"minecraft:wheat_seeds":123,"minecraft:deepslate_brick_slab":2,"minecraft:raw_gold":32,"minecraft:bell":3,"minecraft:dark_oak_sign":8,"minecraft:diamond_helmet":7,"minecraft:glowstone_dust":5,"minecraft:powered_rail":55,"minecraft:oak_planks":66,"minecraft:stone_hoe":1,"minecraft:cooked_porkchop":10,"minecraft:sand":85,"minecraft:stripped_spruce_log":12,"minecraft:nether_brick_stairs":3,"minecraft:cyan_bed":1,"minecraft:red_terracotta":65,"minecraft:iron_hoe":7,"minecraft:light_gray_terracotta":28,"minecraft:deepslate":1097,"minecraft:diamond":79,"minecraft:spruce_boat":4,"minecraft:lever":5,"minecraft:cracked_polished_blackstone_bricks":17,"minecraft:granite":758,"minecraft:bone_meal":276,"minecraft:golden_apple":5,"minecraft:emerald":43,"minecraft:bread":33,"minecraft:oak_sapling":6,"minecraft:netherrack":3080,"minecraft:crimson_roots":5,"minecraft:diamond_pickaxe":6,"minecraft:spruce_leaves":1,"minecraft:crafting_table":18,"minecraft:chicken":3,"minecraft:splash_potion":2,"minecraft:ladder":93,"minecraft:nether_wart":77,"minecraft:chest_minecart":3,"minecraft:leather_leggings":1,"minecraft:brown_mushroom":3,"minecraft:wooden_pickaxe":5,"minecraft:diamond_horse_armor":4,"minecraft:shield":8,"minecraft:oak_trapdoor":3,"minecraft:iron_axe":2,"minecraft:flint_and_steel":8,"minecraft:white_carpet":4,"minecraft:item_frame":2,"minecraft:blackstone":7,"minecraft:cartography_table":2,"minecraft:detector_rail":3,"minecraft:music_disc_otherside":3,"minecraft:beef":5,"minecraft:oak_boat":12,"minecraft:poppy":2,"minecraft:spruce_slab":5,"minecraft:copper_ore":1,"minecraft:lectern":335,"minecraft:sugar_cane":19,"minecraft:chest":45,"minecraft:birch_sapling":6,"minecraft:piston":7,"minecraft:spruce_trapdoor":4,"minecraft:egg":7,"minecraft:raw_iron":49,"minecraft:stone":367,"minecraft:spruce_fence":13,"minecraft:polished_blackstone_bricks":82,"minecraft:carrot":2055,"minecraft:redstone":84,"minecraft:dark_oak_planks":9,"minecraft:smooth_sandstone_slab":2,"minecraft:arrow":117,"minecraft:diamond_chestplate":7,"minecraft:peony":17,"minecraft:nether_bricks":31,"minecraft:deepslate_bricks":37,"minecraft:shears":1,"minecraft:diamond_boots":7,"minecraft:yellow_terracotta":4,"minecraft:saddle":2,"minecraft:gold_ingot":15,"minecraft:totem_of_undying":2,"minecraft:mutton":2,"minecraft:white_wool":8,"minecraft:bone_block":59,"minecraft:rail":45,"minecraft:stripped_oak_log":41,"minecraft:lime_bed":11,"minecraft:basalt":4,"minecraft:golden_carrot":64,"minecraft:crimson_stem":72,"minecraft:cut_sandstone":1,"minecraft:leather":12,"minecraft:birch_planks":2,"minecraft:crimson_fungus":2,"minecraft:oak_log":100,"minecraft:ancient_debris":13,"minecraft:golden_boots":1,"minecraft:yellow_bed":6,"minecraft:nether_wart_block":2,"minecraft:gunpowder":50,"minecraft:deepslate_tile_slab":44,"minecraft:white_banner":2,"minecraft:orange_terracotta":104,"minecraft:cooked_mutton":9,"minecraft:smooth_sandstone":30,"minecraft:red_carpet":40,"minecraft:acacia_trapdoor":4,"minecraft:apple":1,"minecraft:stone_bricks":1,"minecraft:iron_ingot":87,"minecraft:cooked_chicken":2,"minecraft:iron_ore":4,"minecraft:soul_sand":68,"minecraft:book":1101,"minecraft:oak_slab":149,"minecraft:nether_quartz_ore":1,"minecraft:dark_oak_slab":4,"minecraft:quartz":30,"minecraft:dandelion":3,"minecraft:dripstone_block":12,"minecraft:gravel":191,"minecraft:lava_bucket":2,"minecraft:amethyst_shard":1,"minecraft:spruce_sapling":39,"minecraft:blast_furnace":1,"minecraft:white_bed":12,"minecraft:spruce_log":651,"minecraft:spider_eye":41,"minecraft:spruce_door":2,"minecraft:diamond_shovel":5,"minecraft:pumpkin_seeds":56,"minecraft:coal_ore":4,"minecraft:stone_axe":1,"minecraft:rib_armor_trim_smithing_template":2,"minecraft:diamond_axe":4,"minecraft:deepslate_redstone_ore":2,"minecraft:terracotta":885,"minecraft:baked_potato":1,"minecraft:melon_seeds":6,"minecraft:coal":95,"minecraft:hopper":20,"minecraft:ender_pearl":3},"minecraft:used":{"minecraft:iron_shovel":270,"minecraft:spruce_slab":104,"minecraft:oak_sign":1,"minecraft:ladder":119,"minecraft:shield":89,"minecraft:chest":96,"minecraft:stone":156,"minecraft:nether_wart":36,"minecraft:smooth_sandstone_stairs":1,"minecraft:bell":3,"minecraft:rotten_flesh":15,"minecraft:iron_chestplate":1,"minecraft:spruce_leaves":1,"minecraft:soul_sand":40,"minecraft:mutton":2,"minecraft:nether_bricks":19,"minecraft:carrot":998,"minecraft:deepslate_tile_slab":26,"minecraft:tuff":1,"minecraft:deepslate_brick_slab":5,"minecraft:obsidian":56,"minecraft:glass":23,"minecraft:spruce_boat":4,"minecraft:lava_bucket":23,"minecraft:lantern":12,"minecraft:hopper_minecart":16,"minecraft:stone_brick_stairs":151,"minecraft:stone_bricks":113,"minecraft:item_frame":1,"minecraft:red_carpet":40,"minecraft:magma_block":57,"minecraft:furnace":5,"minecraft:acacia_fence":2,"minecraft:egg":2,"minecraft:potato":22,"minecraft:diorite":39,"minecraft:diamond_boots":2,"minecraft:spruce_door":3,"minecraft:acacia_trapdoor":8,"minecraft:oak_planks":62,"minecraft:powered_rail":85,"minecraft:ender_pearl":1,"minecraft:wooden_pickaxe":4,"minecraft:redstone_block":30,"minecraft:composter":9,"minecraft:diamond_axe":2008,"minecraft:white_wool":285,"minecraft:golden_apple":2,"minecraft:sand":206,"minecraft:yellow_terracotta":2,"minecraft:blast_furnace":1,"minecraft:dripstone_block":1,"minecraft:shears":11,"minecraft:deepslate_brick_stairs":83,"minecraft:lever":6,"minecraft:string":15,"minecraft:bread":18,"minecraft:lectern":334,"minecraft:deepslate":220,"minecraft:gravel":27,"minecraft:nether_wart_block":1,"minecraft:diamond_sword":707,"minecraft:smithing_table":1,"minecraft:andesite":134,"minecraft:oak_fence":8,"minecraft:chest_minecart":2,"minecraft:oak_boat":12,"minecraft:bone_meal":441,"minecraft:oak_trapdoor":3,"minecraft:trident":146,"minecraft:flint_and_steel":6,"minecraft:carved_pumpkin":4,"minecraft:spruce_planks":412,"minecraft:netherrack":1392,"minecraft:torch":49,"minecraft:anvil":1,"minecraft:dirt":842,"minecraft:white_carpet":7,"minecraft:hopper":45,"minecraft:spruce_stairs":89,"minecraft:diamond_helmet":1,"minecraft:stone_stairs":1,"minecraft:golden_shovel":32,"minecraft:nether_brick_stairs":8,"minecraft:granite":36,"minecraft:spruce_fence":29,"minecraft:iron_hoe":54,"minecraft:bookshelf":10,"minecraft:iron_block":16,"minecraft:iron_axe":515,"minecraft:spruce_button":4,"minecraft:smooth_sandstone":91,"minecraft:crimson_planks":8,"minecraft:diamond_chestplate":3,"minecraft:tripwire_hook":2,"minecraft:glowstone":6,"minecraft:basalt":2,"minecraft:soul_soil":9,"minecraft:beef":5,"minecraft:acacia_planks":150,"minecraft:cooked_beef":22,"minecraft:red_dye":1,"minecraft:cobbled_deepslate":107,"minecraft:orange_terracotta":75,"minecraft:cooked_mutton":9,"minecraft:acacia_boat":10,"minecraft:water_bucket":30,"minecraft:birch_planks":98,"minecraft:baked_potato":1,"minecraft:green_bed":2,"minecraft:cauldron":10,"minecraft:stonecutter":24,"minecraft:cobblestone_slab":16,"minecraft:spruce_fence_gate":13,"minecraft:deepslate_bricks":61,"minecraft:polished_blackstone_bricks":24,"minecraft:lime_bed":9,"minecraft:rail":88,"minecraft:terracotta":773,"minecraft:tnt":8,"minecraft:crimson_trapdoor":2,"minecraft:crafting_table":31,"minecraft:oak_slab":1,"minecraft:white_bed":14,"minecraft:campfire":9,"minecraft:spruce_log":162,"minecraft:smoker":2,"minecraft:piston":7,"minecraft:diamond_pickaxe":8969,"minecraft:apple":14,"minecraft:diamond_shovel":1283,"minecraft:chicken":3,"minecraft:iron_pickaxe":1275,"minecraft:spruce_trapdoor":18,"minecraft:spruce_sapling":16,"minecraft:stone_axe":112,"minecraft:chiseled_stone_bricks":16,"minecraft:cobblestone":985,"minecraft:porkchop":4,"minecraft:white_banner":2,"minecraft:cooked_porkchop":13,"minecraft:bucket":55,"minecraft:yellow_bed":6,"minecraft:diamond_leggings":1,"minecraft:splash_potion":1},"minecraft:crafted":{"minecraft:oak_planks":456,"minecraft:chainmail_helmet":1,"minecraft:cobblestone_slab":12,"minecraft:oak_sign":3,"minecraft:red_sandstone":7,"minecraft:lever":2,"minecraft:diamond_shovel":2,"minecraft:bookshelf":13,"minecraft:nether_brick":109,"minecraft:deepslate_brick_stairs":9,"minecraft:glass":48,"minecraft:hopper":33,"minecraft:bow":1,"minecraft:diamond_helmet":3,"minecraft:diamond_leggings":4,"minecraft:chest":78,"minecraft:acacia_fence":3,"minecraft:rail":48,"minecraft:item_frame":1,"minecraft:oak_slab":6,"minecraft:emerald":691,"minecraft:diamond_axe":3,"minecraft:crafting_table":14,"minecraft:spruce_planks":2004,"minecraft:wooden_pickaxe":1,"minecraft:snout_armor_trim_smithing_template":8,"minecraft:spruce_door":3,"minecraft:hopper_minecart":8,"minecraft:campfire":9,"minecraft:birch_planks":192,"minecraft:tnt":4,"minecraft:stone_brick_stairs":20,"minecraft:spruce_trapdoor":14,"minecraft:lectern":3,"minecraft:book":1,"minecraft:paper":3,"minecraft:diamond_pickaxe":5,"minecraft:shield":3,"minecraft:stick":1764,"minecraft:iron_ingot":21,"minecraft:iron_pickaxe":3,"minecraft:iron_block":57,"minecraft:gold_ingot":27,"minecraft:spruce_fence_gate":14,"minecraft:shears":3,"minecraft:tripwire_hook":2,"minecraft:iron_nugget":18,"minecraft:crimson_trapdoor":2,"minecraft:spruce_button":4,"minecraft:furnace":4,"minecraft:piston":4,"minecraft:white_carpet":3,"minecraft:bone_meal":576,"minecraft:spruce_fence":21,"minecraft:rib_armor_trim_smithing_template":8,"minecraft:oak_trapdoor":2,"minecraft:stone_stairs":1,"minecraft:flint_and_steel":2,"minecraft:lantern":2,"minecraft:spruce_stairs":136,"minecraft:iron_axe":2,"minecraft:ladder":81,"minecraft:iron_hoe":1,"minecraft:spruce_slab":138,"minecraft:diamond_boots":3,"minecraft:spruce_boat":2,"minecraft:redstone_block":8,"minecraft:minecart":8,"minecraft:sugar":10,"minecraft:red_dye":2,"minecraft:crimson_planks":32,"minecraft:diamond_sword":1,"minecraft:powered_rail":24,"minecraft:deepslate_brick_slab":6,"minecraft:acacia_trapdoor":4,"minecraft:nether_bricks":27,"minecraft:golden_shovel":1,"minecraft:bucket":2,"minecraft:stone_axe":1,"minecraft:enchanted_book":22,"minecraft:acacia_boat":3,"minecraft:air":0,"minecraft:bread":3,"minecraft:oak_boat":5,"minecraft:white_wool":865,"minecraft:iron_shovel":1,"minecraft:anvil":1,"minecraft:white_bed":22,"minecraft:acacia_planks":136,"minecraft:torch":12,"minecraft:diamond_chestplate":3},"minecraft:mined":{"minecraft:dark_oak_planks":9,"minecraft:spruce_planks":46,"minecraft:white_bed":12,"minecraft:farmland":2,"minecraft:brewing_stand":1,"minecraft:obsidian":58,"minecraft:carved_pumpkin":10,"minecraft:spruce_trapdoor":4,"minecraft:granite":539,"minecraft:acacia_log":35,"minecraft:red_sand":48,"minecraft:grass_block":988,"minecraft:cracked_polished_blackstone_bricks":21,"minecraft:deepslate_bricks":13,"minecraft:soul_soil":10,"minecraft:crimson_fungus":2,"minecraft:composter":12,"minecraft:hopper":20,"minecraft:nether_wart":60,"minecraft:spawner":1,"minecraft:gilded_blackstone":2,"minecraft:polished_blackstone_bricks":123,"minecraft:weeping_vines_plant":1,"minecraft:magma_block":173,"minecraft:glowstone":1,"minecraft:iron_ore":33,"minecraft:fire":27,"minecraft:cobbled_deepslate":10,"minecraft:water_cauldron":4,"minecraft:dirt_path":3,"minecraft:oak_stairs":14,"minecraft:deepslate_brick_stairs":15,"minecraft:spruce_slab":9,"minecraft:green_bed":3,"minecraft:tripwire":14,"minecraft:deepslate_redstone_ore":3,"minecraft:cut_sandstone":1,"minecraft:brown_mushroom":4,"minecraft:blackstone":22,"minecraft:crimson_nylium":52,"minecraft:smoker":4,"minecraft:soul_fire":3,"minecraft:deepslate_tile_slab":6,"minecraft:orange_terracotta":104,"minecraft:torch":11,"minecraft:light_gray_terracotta":28,"minecraft:blast_furnace":1,"minecraft:chest":44,"minecraft:dead_bush":25,"minecraft:glass":1,"minecraft:cobblestone":232,"minecraft:nether_quartz_ore":15,"minecraft:cyan_bed":1,"minecraft:oak_planks":26,"minecraft:sugar_cane":15,"minecraft:smooth_sandstone_slab":2,"minecraft:wall_torch":8,"minecraft:cauldron":9,"minecraft:white_terracotta":5,"minecraft:powered_rail":42,"minecraft:dark_oak_slab":4,"minecraft:dark_oak_door":4,"minecraft:nether_wart_block":2,"minecraft:birch_log":86,"minecraft:wheat":16,"minecraft:stone_brick_stairs":19,"minecraft:grass":258,"minecraft:oak_log":102,"minecraft:acacia_fence":1,"minecraft:sand":98,"minecraft:dirt":492,"minecraft:crimson_planks":6,"minecraft:stonecutter":26,"minecraft:netherrack":2028,"minecraft:piston":3,"minecraft:oak_leaves":23,"minecraft:deepslate":1326,"minecraft:yellow_terracotta":7,"minecraft:nether_gold_ore":9,"minecraft:tuff":7,"minecraft:red_carpet":2,"minecraft:deepslate_diamond_ore":32,"minecraft:nether_bricks":19,"minecraft:lever":1,"minecraft:ladder":53,"minecraft:spruce_fence":8,"minecraft:crimson_roots":5,"minecraft:weeping_vines":2,"minecraft:cartography_table":2,"minecraft:spruce_leaves":59,"minecraft:crimson_stem":74,"minecraft:deepslate_brick_slab":2,"minecraft:redstone_ore":17,"minecraft:oak_trapdoor":1,"minecraft:furnace":2,"minecraft:carrots":367,"minecraft:acacia_trapdoor":4,"minecraft:andesite":249,"minecraft:stripped_spruce_log":12,"minecraft:peony":17,"minecraft:bell":3,"minecraft:nether_brick_fence":2,"minecraft:bookshelf":365,"minecraft:potatoes":8,"minecraft:cobblestone_slab":13,"minecraft:rail":45,"minecraft:stripped_oak_log":42,"minecraft:stone":3179,"minecraft:bone_block":37,"minecraft:white_wool":10,"minecraft:oak_slab":123,"minecraft:acacia_leaves":2,"minecraft:redstone_block":22,"minecraft:soul_sand":48,"minecraft:dandelion":2,"minecraft:basalt":10,"minecraft:spruce_door":2,"minecraft:oak_fence":58,"minecraft:smooth_sandstone":28,"minecraft:crafting_table":17,"minecraft:blackstone_slab":2,"minecraft:lectern":335,"minecraft:copper_ore":89,"minecraft:tall_grass":81,"minecraft:lapis_ore":5,"minecraft:deepslate_gold_ore":19,"minecraft:polished_blackstone_brick_stairs":1,"minecraft:diorite":362,"minecraft:lime_bed":11,"minecraft:spruce_stairs":55,"minecraft:birch_planks":2,"minecraft:red_terracotta":65,"minecraft:dark_oak_wall_sign":3,"minecraft:sweet_berry_bush":1,"minecraft:white_carpet":2,"minecraft:birch_leaves":2,"minecraft:spruce_log":668,"minecraft:yellow_bed":6,"minecraft:coal_ore":34,"minecraft:gravel":108,"minecraft:dripstone_block":9,"minecraft:brown_terracotta":11,"minecraft:cobweb":1,"minecraft:terracotta":892,"minecraft:acacia_planks":140,"minecraft:stone_bricks":1,"minecraft:gold_ore":17,"minecraft:fern":1},"minecraft:killed_by":{"minecraft:creeper":1,"minecraft:vindicator":1,"minecraft:blaze":1,"minecraft:zombie":3,"minecraft:skeleton":2},"minecraft:broken":{"minecraft:iron_shovel":1,"minecraft:golden_shovel":1,"minecraft:diamond_pickaxe":1,"minecraft:shield":1,"minecraft:iron_axe":3,"minecraft:iron_pickaxe":4},"minecraft:killed":{"minecraft:zombified_piglin":2,"minecraft:witch":2,"minecraft:spider":24,"minecraft:skeleton":36,"minecraft:chicken":4,"minecraft:piglin_brute":3,"minecraft:piglin":19,"minecraft:pig":2,"minecraft:zombie_villager":1,"minecraft:iron_golem":4,"minecraft:creeper":28,"minecraft:sheep":1,"minecraft:trader_llama":2,"minecraft:pillager":20,"minecraft:donkey":1,"minecraft:zombie":79,"minecraft:blaze":7,"minecraft:cow":2,"minecraft:vex":10,"minecraft:vindicator":2,"minecraft:drowned":1,"minecraft:husk":2,"minecraft:wandering_trader":1,"minecraft:hoglin":8,"minecraft:wither_skeleton":8,"minecraft:villager":1,"minecraft:enderman":1}},"DataVersion":3465}