{"stats":{"minecraft:used":{"minecraft:spruce_slab":7,"minecraft:chest":78,"minecraft:stone":53,"minecraft:soul_sand":5,"minecraft:nether_bricks":1,"minecraft:carrot":181,"minecraft:deepslate_brick_slab":92,"minecraft:tuff":40,"minecraft:obsidian":56,"minecraft:glass":4,"minecraft:lava_bucket":1,"minecraft:netherite_shovel":634,"minecraft:music_disc_pigstep":35,"minecraft:lantern":13,"minecraft:netherite_hoe":42,"minecraft:crimson_roots":2,"minecraft:stone_brick_stairs":7,"minecraft:stone_bricks":2,"minecraft:golden_sword":1,"minecraft:bow":192,"minecraft:sweet_berries":11,"minecraft:oak_sapling":3,"minecraft:furnace":3,"minecraft:egg":3,"minecraft:potato":240,"minecraft:spruce_door":4,"minecraft:mossy_stone_bricks":7,"minecraft:diamond_boots":1,"minecraft:wither_skeleton_skull":3,"minecraft:oak_planks":3,"minecraft:blackstone":1,"minecraft:ender_pearl":12,"minecraft:sugar_cane":235,"minecraft:diamond_axe":269,"minecraft:deepslate":128,"minecraft:iron_door":3,"minecraft:nether_wart_block":2,"minecraft:diamond_sword":88,"minecraft:dark_oak_fence":4,"minecraft:smithing_table":2,"minecraft:andesite":11,"minecraft:oak_boat":2,"minecraft:bone_meal":27,"minecraft:experience_bottle":46,"minecraft:netherite_sword":800,"minecraft:flint_and_steel":55,"minecraft:spruce_planks":92,"minecraft:ender_chest":68,"minecraft:netherrack":2274,"minecraft:torch":3,"minecraft:dirt":140,"minecraft:anvil":6,"minecraft:nether_quartz_ore":38,"minecraft:spruce_stairs":47,"minecraft:diamond_helmet":1,"minecraft:spruce_fence":20,"minecraft:iron_hoe":1,"minecraft:chipped_anvil":5,"minecraft:bookshelf":17,"minecraft:barrel":12,"minecraft:basalt":3,"minecraft:diamond_chestplate":1,"minecraft:golden_carrot":214,"minecraft:netherite_pickaxe":4131,"minecraft:cobbled_deepslate":90,"minecraft:crimson_stem":2,"minecraft:water_bucket":191,"minecraft:cobblestone_stairs":64,"minecraft:spruce_sign":9,"minecraft:spruce_fence_gate":4,"minecraft:stonecutter":2,"minecraft:cobblestone_slab":9,"minecraft:polished_blackstone_bricks":14,"minecraft:crafting_table":7,"minecraft:crimson_trapdoor":1,"minecraft:white_bed":27,"minecraft:painting":11,"minecraft:spruce_log":45,"minecraft:nether_gold_ore":48,"minecraft:diamond_pickaxe":22119,"minecraft:diamond_shovel":566,"minecraft:cracked_polished_blackstone_bricks":3,"minecraft:netherite_axe":646,"minecraft:spruce_trapdoor":32,"minecraft:spruce_sapling":4,"minecraft:crimson_nylium":93,"minecraft:fishing_rod":4,"minecraft:cobblestone":79,"minecraft:white_banner":2,"minecraft:bucket":193,"minecraft:diamond_leggings":2,"minecraft:splash_potion":2,"minecraft:jukebox":5},"minecraft:killed":{"minecraft:zombified_piglin":1,"minecraft:witch":4,"minecraft:spider":5,"minecraft:wither":1,"minecraft:skeleton":19,"minecraft:chicken":1,"minecraft:piglin_brute":4,"minecraft:magma_cube":13,"minecraft:piglin":33,"minecraft:elder_guardian":3,"minecraft:salmon":13,"minecraft:creeper":17,"minecraft:pillager":20,"minecraft:zombie":37,"minecraft:ghast":4,"minecraft:blaze":54,"minecraft:evoker":4,"minecraft:vex":1,"minecraft:vindicator":5,"minecraft:drowned":2,"minecraft:ravager":4,"minecraft:hoglin":12,"minecraft:wither_skeleton":58,"minecraft:enderman":16},"minecraft:picked_up":{"minecraft:iron_chestplate":1,"minecraft:wheat":66,"minecraft:ender_chest":65,"minecraft:anvil":2,"minecraft:prismarine_shard":7,"minecraft:sentry_armor_trim_smithing_template":2,"minecraft:smithing_table":1,"minecraft:diamond_sword":4,"minecraft:potion":3,"minecraft:enchanted_book":7,"minecraft:stone_brick_stairs":8,"minecraft:golden_sword":1,"minecraft:amethyst_block":6,"minecraft:polished_blackstone_brick_stairs":1,"minecraft:string":4995,"minecraft:soul_soil":3,"minecraft:raw_copper":33,"minecraft:deepslate_lapis_ore":1,"minecraft:iron_leggings":1,"minecraft:shroomlight":1,"minecraft:oak_sign":4,"minecraft:beetroot":2,"minecraft:diamond_leggings":4,"minecraft:gold_nugget":1241,"minecraft:cobbled_deepslate":2913,"minecraft:spruce_planks":314,"minecraft:eye_armor_trim_smithing_template":3,"minecraft:cobblestone_slab":5,"minecraft:calcite":4,"minecraft:netherite_upgrade_smithing_template":1,"minecraft:iron_boots":1,"minecraft:furnace":3,"minecraft:diamond_ore":2,"minecraft:stick":33,"minecraft:jukebox":6,"minecraft:composter":1,"minecraft:oak_fence":2,"minecraft:torch":9,"minecraft:spruce_stairs":94,"minecraft:porkchop":43,"minecraft:diorite":9,"minecraft:pointed_dripstone":4,"minecraft:music_disc_pigstep":37,"minecraft:vine":2,"minecraft:stone_sword":9,"minecraft:nether_gold_ore":64,"minecraft:rotten_flesh":95,"minecraft:iron_block":113,"minecraft:blaze_rod":103,"minecraft:obsidian":101,"minecraft:iron_bars":1,"minecraft:cod":5,"minecraft:blaze_powder":2,"minecraft:cobblestone":847,"minecraft:magma_block":12,"minecraft:feather":7,"minecraft:magma_cream":14,"minecraft:iron_door":4,"minecraft:water_bucket":1,"minecraft:andesite":39,"minecraft:brown_wool":1,"minecraft:potato":1188,"minecraft:flint":55,"minecraft:tuff":353,"minecraft:wither_skeleton_skull":6,"minecraft:lapis_lazuli":61,"minecraft:dirt":1057,"minecraft:lantern":13,"minecraft:name_tag":4,"minecraft:leather_boots":1,"minecraft:glass":11,"minecraft:bone":180,"minecraft:chipped_anvil":7,"minecraft:stonecutter":1,"minecraft:bow":2,"minecraft:wheat_seeds":349,"minecraft:deepslate_brick_slab":32,"minecraft:raw_gold":38,"minecraft:bell":6,"minecraft:mossy_stone_bricks":15,"minecraft:diamond_helmet":1,"minecraft:oak_planks":32,"minecraft:stone_hoe":2,"minecraft:chiseled_polished_blackstone":1,"minecraft:poisonous_potato":4,"minecraft:sand":153,"minecraft:stripped_spruce_log":1,"minecraft:ink_sac":1,"minecraft:grass_block":2,"minecraft:fermented_spider_eye":2,"minecraft:dark_oak_log":3,"minecraft:barrel":8,"minecraft:dark_prismarine":3,"minecraft:spruce_fence_gate":4,"minecraft:snout_armor_trim_smithing_template":1,"minecraft:sugar":5,"minecraft:diamond":93,"minecraft:deepslate":436,"minecraft:cracked_polished_blackstone_bricks":26,"minecraft:crossbow":1,"minecraft:granite":83,"minecraft:golden_apple":1,"minecraft:chainmail_helmet":1,"minecraft:emerald":64,"minecraft:oak_sapling":10,"minecraft:netherrack":22861,"minecraft:dark_oak_fence":4,"minecraft:nether_star":1,"minecraft:crimson_roots":34,"minecraft:diamond_pickaxe":1,"minecraft:fishing_rod":1,"minecraft:crafting_table":10,"minecraft:bee_nest":1,"minecraft:azure_bluet":2,"minecraft:chicken":6,"minecraft:nether_wart":47,"minecraft:brown_mushroom":15,"minecraft:gold_block":35,"minecraft:crimson_trapdoor":3,"minecraft:cornflower":4,"minecraft:oak_trapdoor":1,"minecraft:flint_and_steel":1,"minecraft:white_carpet":2,"minecraft:iron_shovel":1,"minecraft:blackstone":579,"minecraft:cracked_stone_bricks":10,"minecraft:netherite_sword":1,"minecraft:beef":9,"minecraft:oak_boat":6,"minecraft:poppy":659,"minecraft:light_gray_wool":2,"minecraft:spruce_slab":2,"minecraft:minecart":1,"minecraft:sugar_cane":1525,"minecraft:chest":68,"minecraft:copper_ore":6,"minecraft:spruce_trapdoor":8,"minecraft:phantom_membrane":1,"minecraft:egg":7,"minecraft:raw_iron":4,"minecraft:sandstone":45,"minecraft:stone":311,"minecraft:oak_door":2,"minecraft:spruce_fence":12,"minecraft:polished_blackstone_bricks":27,"minecraft:carrot":1274,"minecraft:redstone":1020,"minecraft:netherite_pickaxe":1,"minecraft:iron_horse_armor":1,"minecraft:arrow":23,"minecraft:weeping_vines":4,"minecraft:diamond_chestplate":1,"minecraft:nether_bricks":16,"minecraft:deepslate_bricks":3,"minecraft:diamond_boots":1,"minecraft:hay_block":9,"minecraft:totem_of_undying":4,"minecraft:saddle":4,"minecraft:gold_ingot":11,"minecraft:mutton":10,"minecraft:oxeye_daisy":8,"minecraft:white_wool":364,"minecraft:bone_block":7,"minecraft:rail":32,"minecraft:wet_sponge":32,"minecraft:basalt":19,"minecraft:golden_carrot":54,"minecraft:glow_ink_sac":4,"minecraft:crimson_stem":28,"minecraft:salmon":22,"minecraft:leather":20,"minecraft:blackstone_slab":1,"minecraft:birch_planks":2,"minecraft:crimson_fungus":3,"minecraft:oak_log":47,"minecraft:ancient_debris":40,"minecraft:nether_wart_block":23,"minecraft:gunpowder":41,"minecraft:cobblestone_stairs":12,"minecraft:deepslate_tile_slab":3,"minecraft:paper":39,"minecraft:white_banner":4,"minecraft:apple":2,"minecraft:stone_bricks":23,"minecraft:kelp":22,"minecraft:warped_stem":4,"minecraft:iron_ingot":23,"minecraft:iron_ore":5,"minecraft:glass_bottle":3,"minecraft:soul_sand":29,"minecraft:book":89,"minecraft:oak_slab":2,"minecraft:smooth_basalt":2,"minecraft:warped_fungus":2,"minecraft:nether_quartz_ore":54,"minecraft:sweet_berries":25,"minecraft:quartz":4001,"minecraft:dandelion":15,"minecraft:dripstone_block":13,"minecraft:gravel":538,"minecraft:lava_bucket":1,"minecraft:spruce_sapling":33,"minecraft:white_bed":16,"minecraft:spruce_log":494,"minecraft:crying_obsidian":4,"minecraft:spider_eye":16,"minecraft:diamond_shovel":1,"minecraft:campfire":9,"minecraft:tide_armor_trim_smithing_template":1,"minecraft:rib_armor_trim_smithing_template":2,"minecraft:iron_helmet":1,"minecraft:diamond_axe":1,"minecraft:painting":13,"minecraft:mossy_cobblestone_stairs":1,"minecraft:warped_roots":2,"minecraft:netherite_hoe":1,"minecraft:black_wool":2,"minecraft:warped_nylium":11,"minecraft:crimson_nylium":119,"minecraft:coal":126,"minecraft:hopper":9,"minecraft:ender_pearl":37},"minecraft:crafted":{"minecraft:ender_chest":4,"minecraft:oak_planks":180,"minecraft:cobblestone_slab":6,"minecraft:barrel":5,"minecraft:cobblestone_stairs":80,"minecraft:bookshelf":17,"minecraft:glass":152,"minecraft:netherite_boots":1,"minecraft:chest":40,"minecraft:netherite_helmet":1,"minecraft:netherite_upgrade_smithing_template":20,"minecraft:ender_eye":1,"minecraft:name_tag":4,"minecraft:emerald":740,"minecraft:crafting_table":6,"minecraft:spruce_planks":1092,"minecraft:spruce_door":12,"minecraft:gold_block":43,"minecraft:spruce_trapdoor":30,"minecraft:paper":126,"minecraft:stick":1112,"minecraft:netherite_hoe":1,"minecraft:iron_ingot":5,"minecraft:iron_block":126,"minecraft:gold_ingot":620,"minecraft:netherite_ingot":10,"minecraft:spruce_fence_gate":6,"minecraft:golden_carrot":192,"minecraft:fishing_rod":1,"minecraft:netherite_sword":1,"minecraft:jukebox":1,"minecraft:diamond_hoe":1,"minecraft:bone_meal":27,"minecraft:spruce_fence":66,"minecraft:flint_and_steel":1,"minecraft:netherite_chestplate":1,"minecraft:lantern":24,"minecraft:netherite_axe":1,"minecraft:spruce_stairs":40,"minecraft:netherite_leggings":1,"minecraft:spruce_slab":36,"minecraft:netherite_scrap":40,"minecraft:dark_oak_planks":4,"minecraft:wheat":1081,"minecraft:crimson_planks":104,"minecraft:netherite_pickaxe":2,"minecraft:spruce_sign":15,"minecraft:bucket":1,"minecraft:enchanted_book":57,"minecraft:air":0,"minecraft:golden_apple":2,"minecraft:gold_nugget":1719,"minecraft:netherite_shovel":1,"minecraft:stonecutter":1,"minecraft:anvil":3,"minecraft:white_bed":24,"minecraft:pumpkin_pie":48},"minecraft:dropped":{"minecraft:crimson_nylium":15,"minecraft:lapis_lazuli":28,"minecraft:birch_planks":1,"minecraft:brown_mushroom":1,"minecraft:porkchop":6,"minecraft:diamond_axe":1,"minecraft:ender_pearl":13,"minecraft:diamond":12,"minecraft:crafting_table":1,"minecraft:netherite_upgrade_smithing_template":1,"minecraft:saddle":1,"minecraft:sentry_armor_trim_smithing_template":2,"minecraft:gold_block":22,"minecraft:flint":1,"minecraft:emerald":17,"minecraft:cracked_polished_blackstone_bricks":2,"minecraft:dirt":89,"minecraft:dark_oak_log":3,"minecraft:mutton":5,"minecraft:crimson_roots":24,"minecraft:snout_armor_trim_smithing_template":1,"minecraft:gold_nugget":3,"minecraft:polished_blackstone_bricks":13,"minecraft:sugar":1,"minecraft:fishing_rod":1,"minecraft:bone":8,"minecraft:gravel":137,"minecraft:chiseled_polished_blackstone":1,"minecraft:crimson_fungus":1,"minecraft:sugar_cane":1,"minecraft:ancient_debris":2,"minecraft:cobbled_deepslate":146,"minecraft:netherite_sword":1,"minecraft:obsidian":25,"minecraft:pointed_dripstone":3,"minecraft:rotten_flesh":43,"minecraft:diamond_shovel":1,"minecraft:azure_bluet":1,"minecraft:white_bed":1,"minecraft:eye_armor_trim_smithing_template":3,"minecraft:poppy":74,"minecraft:leather_boots":1,"minecraft:chest":3,"minecraft:painting":1,"minecraft:blackstone_slab":1,"minecraft:iron_ore":4,"minecraft:iron_bars":1,"minecraft:netherrack":482,"minecraft:egg":2,"minecraft:water_bucket":1,"minecraft:stone_hoe":2,"minecraft:enchanted_book":7,"minecraft:iron_ingot":21,"minecraft:netherite_pickaxe":1,"minecraft:vine":1,"minecraft:wheat_seeds":5,"minecraft:dripstone_block":13,"minecraft:diamond_leggings":2,"minecraft:cobblestone":152,"minecraft:amethyst_block":6,"minecraft:granite":77,"minecraft:music_disc_pigstep":2,"minecraft:spruce_stairs":3,"minecraft:golden_apple":1,"minecraft:stick":6,"minecraft:oxeye_daisy":1,"minecraft:diamond_horse_armor":1,"minecraft:iron_block":113,"minecraft:diorite":9,"minecraft:golden_carrot":65,"minecraft:iron_door":1,"minecraft:diamond_helmet":1,"minecraft:rib_armor_trim_smithing_template":2,"minecraft:iron_shovel":1,"minecraft:string":324,"minecraft:spruce_sapling":18,"minecraft:smooth_basalt":2,"minecraft:sweet_berries":14,"minecraft:netherite_hoe":1,"minecraft:ender_chest":1,"minecraft:stone_sword":8,"minecraft:nether_wart":10,"minecraft:blaze_rod":38,"minecraft:tuff":188,"minecraft:experience_bottle":38,"minecraft:chicken":1,"minecraft:wither_skeleton_skull":2,"minecraft:light_gray_wool":1,"minecraft:name_tag":5,"minecraft:totem_of_undying":2,"minecraft:flint_and_steel":1,"minecraft:copper_ore":6,"minecraft:filled_map":2,"minecraft:diamond_sword":4,"minecraft:stone":96,"minecraft:diamond_chestplate":1,"minecraft:spruce_planks":122,"minecraft:diamond_pickaxe":1,"minecraft:andesite":27,"minecraft:oak_sapling":3,"minecraft:golden_sword":1,"minecraft:spruce_log":1,"minecraft:diamond_boots":1,"minecraft:bow":1,"minecraft:calcite":4,"minecraft:black_wool":1},"minecraft:custom":{"minecraft:interact_with_crafting_table":63,"minecraft:open_barrel":1,"minecraft:bell_ring":19,"minecraft:leave_game":18,"minecraft:time_since_death":788190,"minecraft:sprint_one_cm":3024753,"minecraft:drop":265,"minecraft:talked_to_villager":285,"minecraft:play_time":788190,"minecraft:jump":23645,"minecraft:interact_with_brewingstand":8,"minecraft:walk_on_water_one_cm":79763,"minecraft:interact_with_furnace":16,"minecraft:play_record":35,"minecraft:traded_with_villager":892,"minecraft:sleep_in_bed":35,"minecraft:open_enderchest":220,"minecraft:damage_dealt":63746,"minecraft:crouch_one_cm":351626,"minecraft:interact_with_smithing_table":9,"minecraft:interact_with_smoker":1,"minecraft:horse_one_cm":55775,"minecraft:interact_with_anvil":58,"minecraft:mob_kills":340,"minecraft:inspect_hopper":11,"minecraft:climb_one_cm":2466,"minecraft:walk_one_cm":2670371,"minecraft:raid_win":1,"minecraft:sneak_time":66506,"minecraft:walk_under_water_one_cm":162145,"minecraft:total_world_time":788190,"minecraft:raid_trigger":1,"minecraft:interact_with_grindstone":1,"minecraft:interact_with_stonecutter":4,"minecraft:time_since_rest":9338,"minecraft:damage_taken":9906,"minecraft:swim_one_cm":437017,"minecraft:fly_one_cm":5271820,"minecraft:open_chest":1106,"minecraft:fish_caught":1,"minecraft:fall_one_cm":645768},"minecraft:mined":{"minecraft:spruce_planks":74,"minecraft:white_bed":7,"minecraft:cobblestone_stairs":4,"minecraft:obsidian":57,"minecraft:spruce_trapdoor":10,"minecraft:granite":21,"minecraft:budding_amethyst":1,"minecraft:chiseled_polished_blackstone":1,"minecraft:crimson_trapdoor":1,"minecraft:grass_block":348,"minecraft:cracked_polished_blackstone_bricks":7,"minecraft:deepslate_bricks":2,"minecraft:soul_soil":40,"minecraft:hopper":9,"minecraft:oxeye_daisy":5,"minecraft:nether_wart":15,"minecraft:spawner":1,"minecraft:weeping_vines_plant":6,"minecraft:polished_blackstone_bricks":35,"minecraft:tall_seagrass":3,"minecraft:magma_block":8,"minecraft:mossy_cobblestone_stairs":1,"minecraft:iron_ore":3,"minecraft:barrel":8,"minecraft:fire":132,"minecraft:cobbled_deepslate":19,"minecraft:anvil":2,"minecraft:deepslate_lapis_ore":1,"minecraft:dirt_path":5,"minecraft:iron_bars":3,"minecraft:white_banner":1,"minecraft:spruce_slab":1,"minecraft:deepslate_redstone_ore":99,"minecraft:brown_mushroom":10,"minecraft:blackstone":472,"minecraft:kelp_plant":8,"minecraft:crimson_nylium":136,"minecraft:soul_fire":2,"minecraft:torch":1,"minecraft:calcite":4,"minecraft:poppy":187,"minecraft:chest":51,"minecraft:glass":10,"minecraft:nether_quartz_ore":1121,"minecraft:cobblestone":50,"minecraft:oak_planks":4,"minecraft:sugar_cane":954,"minecraft:iron_door":6,"minecraft:wall_torch":1,"minecraft:amethyst_block":3,"minecraft:seagrass":1,"minecraft:warped_nylium":8,"minecraft:nether_wart_block":24,"minecraft:wheat":50,"minecraft:jukebox":5,"minecraft:warped_fungus":1,"minecraft:stone_brick_stairs":9,"minecraft:grass":22,"minecraft:oak_log":50,"minecraft:sand":154,"minecraft:dirt":105,"minecraft:smooth_basalt":2,"minecraft:stonecutter":1,"minecraft:ancient_debris":38,"minecraft:netherrack":20272,"minecraft:oak_leaves":14,"minecraft:deepslate":2443,"minecraft:nether_gold_ore":217,"minecraft:dark_prismarine":3,"minecraft:diamond_ore":2,"minecraft:tuff":285,"minecraft:deepslate_diamond_ore":39,"minecraft:nether_bricks":16,"minecraft:dark_oak_fence":4,"minecraft:spruce_fence":12,"minecraft:crimson_roots":7,"minecraft:weeping_vines":7,"minecraft:spruce_leaves":26,"minecraft:kelp":1,"minecraft:sandstone":82,"minecraft:crimson_stem":28,"minecraft:large_fern":17,"minecraft:deepslate_brick_slab":32,"minecraft:furnace":3,"minecraft:carrots":162,"minecraft:nether_sprouts":1,"minecraft:andesite":32,"minecraft:stripped_spruce_log":1,"minecraft:gold_block":13,"minecraft:nether_brick_fence":1,"minecraft:bookshelf":28,"minecraft:potatoes":130,"minecraft:cobblestone_slab":4,"minecraft:shroomlight":1,"minecraft:deepslate_iron_ore":4,"minecraft:wet_sponge":30,"minecraft:stone":251,"minecraft:bone_block":8,"minecraft:ender_chest":67,"minecraft:podzol":6,"minecraft:smithing_table":1,"minecraft:soul_sand":14,"minecraft:infested_stone_bricks":5,"minecraft:basalt":6,"minecraft:dandelion":13,"minecraft:crafting_table":6,"minecraft:cornflower":2,"minecraft:blackstone_slab":1,"minecraft:campfire":9,"minecraft:copper_ore":7,"minecraft:tall_grass":23,"minecraft:deepslate_gold_ore":19,"minecraft:diorite":4,"minecraft:spruce_stairs":103,"minecraft:birch_planks":1,"minecraft:sweet_berry_bush":19,"minecraft:spruce_log":493,"minecraft:birch_leaves":1,"minecraft:bee_nest":1,"minecraft:gravel":560,"minecraft:dripstone_block":25,"minecraft:cobweb":11,"minecraft:cracked_stone_bricks":11,"minecraft:spruce_fence_gate":4,"minecraft:stone_bricks":20,"minecraft:mossy_stone_bricks":18,"minecraft:chipped_anvil":6,"minecraft:fern":21}},"DataVersion":3465}