{"stats":{"minecraft:killed":{"minecraft:spider":2,"minecraft:skeleton":4,"minecraft:piglin":1,"minecraft:bat":1,"minecraft:creeper":1,"minecraft:sheep":3,"minecraft:zombie":13,"minecraft:villager":1,"minecraft:cow":7},"minecraft:crafted":{"minecraft:oak_planks":332,"minecraft:furnace":10,"minecraft:diamond_helmet":1,"minecraft:diamond_leggings":1,"minecraft:iron_boots":1,"minecraft:iron_axe":2,"minecraft:stone_pickaxe":1,"minecraft:chest":5,"minecraft:diamond_boots":1,"minecraft:netherite_scrap":2,"minecraft:cooked_beef":14,"minecraft:crimson_planks":48,"minecraft:diamond_sword":1,"minecraft:emerald":398,"minecraft:arrow":192,"minecraft:diamond_axe":1,"minecraft:crafting_table":5,"minecraft:spruce_planks":4240,"minecraft:wooden_pickaxe":1,"minecraft:iron_helmet":1,"minecraft:iron_sword":1,"minecraft:birch_planks":260,"minecraft:bucket":1,"minecraft:enchanted_book":9,"minecraft:bread":11,"minecraft:air":0,"minecraft:golden_apple":1,"minecraft:white_wool":74,"minecraft:iron_chestplate":1,"minecraft:book":6,"minecraft:paper":39,"minecraft:diamond_pickaxe":2,"minecraft:shield":1,"minecraft:stick":9401,"minecraft:iron_ingot":37,"minecraft:iron_pickaxe":1,"minecraft:iron_block":3,"minecraft:gold_ingot":10,"minecraft:iron_leggings":1,"minecraft:anvil":1,"minecraft:white_bed":20,"minecraft:torch":192,"minecraft:diamond_chestplate":1},"minecraft:broken":{"minecraft:iron_axe":1,"minecraft:iron_pickaxe":1},"minecraft:dropped":{"minecraft:water_bucket":1,"minecraft:iron_ingot":105,"minecraft:wheat_seeds":1,"minecraft:diamond_axe":1,"minecraft:book":19,"minecraft:golden_apple":1,"minecraft:emerald":10,"minecraft:gravel":12,"minecraft:carrot":204,"minecraft:iron_chestplate":1,"minecraft:diamond_pickaxe":2,"minecraft:andesite":8,"minecraft:arrow":1,"minecraft:netherrack":1,"minecraft:lectern":1},"minecraft:custom":{"minecraft:interact_with_anvil":7,"minecraft:mob_kills":33,"minecraft:animals_bred":3,"minecraft:interact_with_crafting_table":44,"minecraft:leave_game":6,"minecraft:time_since_death":265759,"minecraft:climb_one_cm":4644,"minecraft:sprint_one_cm":746168,"minecraft:walk_one_cm":934987,"minecraft:damage_blocked_by_shield":563,"minecraft:drop":127,"minecraft:talked_to_villager":420,"minecraft:play_time":265759,"minecraft:sneak_time":15405,"minecraft:walk_under_water_one_cm":3887,"minecraft:boat_one_cm":4508,"minecraft:interact_with_brewingstand":3,"minecraft:jump":5389,"minecraft:walk_on_water_one_cm":19112,"minecraft:total_world_time":265759,"minecraft:interact_with_furnace":25,"minecraft:traded_with_villager":425,"minecraft:sleep_in_bed":16,"minecraft:time_since_rest":4536,"minecraft:damage_taken":3074,"minecraft:damage_dealt":5689,"minecraft:swim_one_cm":10500,"minecraft:fly_one_cm":1203612,"minecraft:open_chest":150,"minecraft:crouch_one_cm":56820,"minecraft:fall_one_cm":147313},"minecraft:mined":{"minecraft:nether_gold_ore":8,"minecraft:tuff":27,"minecraft:white_bed":5,"minecraft:deepslate_diamond_ore":9,"minecraft:nether_bricks":1,"minecraft:granite":14,"minecraft:grass_block":14,"minecraft:spruce_leaves":27,"minecraft:crimson_fungus":1,"minecraft:crimson_stem":14,"minecraft:redstone_ore":2,"minecraft:oak_trapdoor":1,"minecraft:spruce_sapling":2,"minecraft:carrots":59,"minecraft:iron_ore":33,"minecraft:cobbled_deepslate":12,"minecraft:fire":78,"minecraft:andesite":8,"minecraft:fletching_table":1,"minecraft:deepslate_lapis_ore":2,"minecraft:potatoes":14,"minecraft:deepslate_iron_ore":10,"minecraft:stone":160,"minecraft:tripwire":1,"minecraft:blackstone":35,"minecraft:crimson_nylium":9,"minecraft:crafting_table":7,"minecraft:chest":3,"minecraft:lectern":175,"minecraft:nether_quartz_ore":6,"minecraft:tall_grass":18,"minecraft:cobblestone":6,"minecraft:deepslate_gold_ore":5,"minecraft:sugar_cane":36,"minecraft:diorite":20,"minecraft:wall_torch":2,"minecraft:birch_planks":1,"minecraft:birch_log":83,"minecraft:wheat":114,"minecraft:spruce_log":1066,"minecraft:grass":33,"minecraft:oak_log":180,"minecraft:coal_ore":80,"minecraft:beetroots":7,"minecraft:gravel":17,"minecraft:dirt":34,"minecraft:crimson_planks":1,"minecraft:netherrack":1732,"minecraft:ancient_debris":2,"minecraft:gold_ore":2,"minecraft:oak_leaves":19,"minecraft:deepslate":135},"minecraft:used":{"minecraft:oak_trapdoor":1,"minecraft:spruce_planks":2,"minecraft:chest":8,"minecraft:shield":9,"minecraft:iron_sword":47,"minecraft:netherrack":431,"minecraft:torch":86,"minecraft:dirt":49,"minecraft:anvil":1,"minecraft:nether_bricks":1,"minecraft:carrot":145,"minecraft:granite":1,"minecraft:iron_axe":469,"minecraft:birch_sapling":2,"minecraft:crimson_planks":4,"minecraft:oak_sapling":10,"minecraft:furnace":6,"minecraft:cooked_beef":14,"minecraft:potato":35,"minecraft:cobbled_deepslate":72,"minecraft:wheat_seeds":98,"minecraft:water_bucket":46,"minecraft:diorite":2,"minecraft:birch_planks":37,"minecraft:stone_pickaxe":15,"minecraft:wooden_pickaxe":13,"minecraft:diamond_axe":1087,"minecraft:fletching_table":1,"minecraft:crafting_table":10,"minecraft:white_bed":24,"minecraft:spruce_log":4,"minecraft:oak_log":6,"minecraft:diamond_pickaxe":2053,"minecraft:apple":1,"minecraft:string":1,"minecraft:bread":7,"minecraft:iron_pickaxe":249,"minecraft:lectern":176,"minecraft:spruce_sapling":58,"minecraft:diamond_sword":33,"minecraft:cobblestone":44,"minecraft:bucket":46,"minecraft:birch_log":2,"minecraft:oak_boat":2},"minecraft:picked_up":{"minecraft:iron_chestplate":1,"minecraft:crafting_table":6,"minecraft:wheat":67,"minecraft:chainmail_boots":1,"minecraft:enchanted_book":1,"minecraft:crimson_planks":1,"minecraft:oak_trapdoor":1,"minecraft:string":13,"minecraft:iron_axe":1,"minecraft:blackstone":20,"minecraft:beetroot":6,"minecraft:gold_nugget":46,"minecraft:cobbled_deepslate":226,"minecraft:spruce_planks":12,"minecraft:beef":14,"minecraft:oak_boat":2,"minecraft:lectern":178,"minecraft:sugar_cane":40,"minecraft:chest":3,"minecraft:birch_sapling":7,"minecraft:iron_boots":1,"minecraft:stick":55,"minecraft:raw_iron":49,"minecraft:torch":86,"minecraft:diorite":38,"minecraft:carrot":353,"minecraft:redstone":9,"minecraft:arrow":3,"minecraft:rotten_flesh":16,"minecraft:beetroot_seeds":16,"minecraft:nether_bricks":1,"minecraft:mutton":8,"minecraft:white_wool":3,"minecraft:cobblestone":263,"minecraft:birch_log":83,"minecraft:crimson_stem":12,"minecraft:water_bucket":1,"minecraft:andesite":24,"minecraft:leather":6,"minecraft:potato":34,"minecraft:flint":3,"minecraft:crimson_fungus":1,"minecraft:tuff":52,"minecraft:oak_log":179,"minecraft:ancient_debris":2,"minecraft:golden_boots":1,"minecraft:gunpowder":4,"minecraft:lapis_lazuli":20,"minecraft:dirt":78,"minecraft:bone":9,"minecraft:apple":4,"minecraft:wheat_seeds":233,"minecraft:raw_gold":12,"minecraft:iron_ingot":72,"minecraft:fletching_table":1,"minecraft:book":21,"minecraft:quartz":8,"minecraft:poisonous_potato":1,"minecraft:gravel":20,"minecraft:spruce_sapling":61,"minecraft:white_bed":5,"minecraft:spruce_log":1064,"minecraft:spider_eye":5,"minecraft:diamond":10,"minecraft:iron_helmet":1,"minecraft:granite":29,"minecraft:diamond_axe":1,"minecraft:emerald":1,"minecraft:chainmail_helmet":1,"minecraft:oak_sapling":12,"minecraft:netherrack":1494,"minecraft:coal":82,"minecraft:diamond_pickaxe":3}},"DataVersion":3465}