{"stats":{"minecraft:picked_up":{"minecraft:wheat":75,"minecraft:ender_chest":2,"minecraft:anvil":3,"minecraft:diamond_sword":4,"minecraft:oak_stairs":1,"minecraft:enchanted_book":16,"minecraft:gilded_blackstone":10,"minecraft:crimson_planks":11,"minecraft:golden_sword":3,"minecraft:string":3460,"minecraft:raw_copper":8,"minecraft:experience_bottle":2,"minecraft:diamond_leggings":4,"minecraft:gold_nugget":633,"minecraft:cobbled_deepslate":89,"minecraft:spruce_planks":67,"minecraft:rose_bush":2,"minecraft:iron_pickaxe":5,"minecraft:furnace":5,"minecraft:stick":621,"minecraft:composter":1,"minecraft:torch":20,"minecraft:porkchop":91,"minecraft:diorite":5,"minecraft:cauldron":3,"minecraft:rotten_flesh":31,"minecraft:blaze_rod":1,"minecraft:obsidian":4,"minecraft:cobblestone":173,"minecraft:birch_log":37,"minecraft:feather":17,"minecraft:cooked_beef":22,"minecraft:magma_cream":16,"minecraft:andesite":1,"minecraft:smoker":4,"minecraft:potato":45,"minecraft:flint":8,"minecraft:tuff":4,"minecraft:dirt":280,"minecraft:glass":6,"minecraft:bone":113,"minecraft:chipped_anvil":2,"minecraft:stonecutter":1,"minecraft:bow":7,"minecraft:wheat_seeds":160,"minecraft:deepslate_brick_slab":4,"minecraft:raw_gold":2,"minecraft:diamond_helmet":4,"minecraft:fletching_table":2,"minecraft:stone_hoe":5,"minecraft:oak_planks":3,"minecraft:honeycomb":6,"minecraft:cooked_porkchop":27,"minecraft:stripped_spruce_log":4,"minecraft:ink_sac":1,"minecraft:grass_block":1,"minecraft:dark_oak_log":3,"minecraft:cracked_polished_blackstone_bricks":41,"minecraft:crossbow":1,"minecraft:granite":24,"minecraft:golden_apple":2,"minecraft:emerald":180,"minecraft:golden_horse_armor":1,"minecraft:spruce_sign":4,"minecraft:bread":20,"minecraft:oak_sapling":14,"minecraft:netherrack":1073,"minecraft:diamond_pickaxe":5,"minecraft:crimson_roots":12,"minecraft:crafting_table":7,"minecraft:chicken":25,"minecraft:nether_wart":37,"minecraft:brown_mushroom":8,"minecraft:gold_block":7,"minecraft:diamond_horse_armor":3,"minecraft:chain":3,"minecraft:shield":5,"minecraft:iron_axe":2,"minecraft:flint_and_steel":2,"minecraft:iron_shovel":5,"minecraft:blackstone":27,"minecraft:beef":61,"minecraft:oak_boat":10,"minecraft:poppy":7,"minecraft:lectern":2,"minecraft:sugar_cane":687,"minecraft:chest":11,"minecraft:birch_sapling":6,"minecraft:egg":7,"minecraft:raw_iron":21,"minecraft:stone":32,"minecraft:polished_blackstone_bricks":65,"minecraft:carrot":204,"minecraft:iron_horse_armor":1,"minecraft:arrow":162,"minecraft:diamond_chestplate":4,"minecraft:deepslate_bricks":1,"minecraft:shears":1,"minecraft:diamond_boots":3,"minecraft:hay_block":7,"minecraft:saddle":3,"minecraft:gold_ingot":112,"minecraft:mutton":85,"minecraft:white_wool":130,"minecraft:bone_block":10,"minecraft:oxeye_daisy":5,"minecraft:basalt":6,"minecraft:golden_carrot":141,"minecraft:crimson_stem":20,"minecraft:salmon":2,"minecraft:leather":61,"minecraft:oak_log":171,"minecraft:ancient_debris":19,"minecraft:nether_wart_block":5,"minecraft:yellow_bed":1,"minecraft:gunpowder":7,"minecraft:cobblestone_stairs":19,"minecraft:apple":33,"minecraft:iron_ingot":96,"minecraft:stone_pickaxe":1,"minecraft:acacia_sapling":3,"minecraft:book":5,"minecraft:warped_fungus":2,"minecraft:sweet_berries":15,"minecraft:quartz":358,"minecraft:dandelion":13,"minecraft:gravel":188,"minecraft:spruce_sapling":74,"minecraft:blast_furnace":4,"minecraft:white_bed":2,"minecraft:spruce_log":811,"minecraft:crying_obsidian":7,"minecraft:spider_eye":8,"minecraft:diamond_shovel":3,"minecraft:campfire":9,"minecraft:diamond_axe":2,"minecraft:gray_wool":6,"minecraft:warped_roots":6,"minecraft:black_wool":5,"minecraft:crimson_nylium":3,"minecraft:coal":327,"minecraft:hopper":9,"minecraft:ender_pearl":1},"minecraft:killed":{"minecraft:zombified_piglin":1,"minecraft:spider":7,"minecraft:skeleton":6,"minecraft:chicken":11,"minecraft:silverfish":3,"minecraft:piglin_brute":9,"minecraft:magma_cube":2,"minecraft:piglin":10,"minecraft:pig":16,"minecraft:salmon":2,"minecraft:creeper":4,"minecraft:sheep":32,"minecraft:zombie":9,"minecraft:cow":20,"minecraft:hoglin":4,"minecraft:enderman":1},"minecraft:used":{"minecraft:iron_shovel":110,"minecraft:chest":14,"minecraft:shield":24,"minecraft:mutton":1,"minecraft:carrot":2,"minecraft:birch_sapling":6,"minecraft:bow":71,"minecraft:sweet_berries":5,"minecraft:oak_sapling":10,"minecraft:furnace":5,"minecraft:egg":2,"minecraft:potato":12,"minecraft:diorite":1,"minecraft:oak_planks":2,"minecraft:stone_pickaxe":105,"minecraft:blackstone":5,"minecraft:wooden_pickaxe":9,"minecraft:composter":1,"minecraft:diamond_axe":275,"minecraft:sugar_cane":7,"minecraft:golden_apple":1,"minecraft:blast_furnace":3,"minecraft:shears":1,"minecraft:string":9,"minecraft:bread":29,"minecraft:lectern":2,"minecraft:gravel":46,"minecraft:nether_wart_block":5,"minecraft:diamond_sword":213,"minecraft:wooden_sword":14,"minecraft:grindstone":1,"minecraft:oak_boat":6,"minecraft:bone_meal":9,"minecraft:spruce_planks":4,"minecraft:ender_chest":3,"minecraft:stone_hoe":7,"minecraft:netherrack":966,"minecraft:torch":71,"minecraft:dirt":136,"minecraft:anvil":2,"minecraft:diamond_helmet":1,"minecraft:golden_shovel":31,"minecraft:granite":10,"minecraft:chipped_anvil":2,"minecraft:iron_axe":575,"minecraft:crimson_slab":1,"minecraft:crimson_planks":73,"minecraft:diamond_chestplate":1,"minecraft:basalt":3,"minecraft:golden_carrot":48,"minecraft:beef":3,"minecraft:golden_axe":28,"minecraft:wheat_seeds":24,"minecraft:cooked_mutton":4,"minecraft:cauldron":3,"minecraft:fletching_table":4,"minecraft:stonecutter":1,"minecraft:warped_roots":2,"minecraft:polished_blackstone_bricks":41,"minecraft:salmon":2,"minecraft:crafting_table":13,"minecraft:white_bed":49,"minecraft:spruce_log":20,"minecraft:smoker":4,"minecraft:diamond_pickaxe":2196,"minecraft:apple":2,"minecraft:cracked_polished_blackstone_bricks":36,"minecraft:chicken":4,"minecraft:iron_pickaxe":162,"minecraft:spruce_sapling":57,"minecraft:crimson_nylium":1,"minecraft:stone_axe":115,"minecraft:cobblestone":53,"minecraft:porkchop":1,"minecraft:cooked_porkchop":22,"minecraft:yellow_bed":1},"minecraft:custom":{"minecraft:animals_bred":3,"minecraft:interact_with_crafting_table":63,"minecraft:leave_game":22,"minecraft:time_since_death":7273,"minecraft:sprint_one_cm":1564321,"minecraft:damage_blocked_by_shield":1560,"minecraft:drop":71,"minecraft:talked_to_villager":242,"minecraft:play_time":380737,"minecraft:deaths":11,"minecraft:jump":10484,"minecraft:interact_with_brewingstand":1,"minecraft:walk_on_water_one_cm":50195,"minecraft:interact_with_furnace":33,"minecraft:traded_with_villager":1087,"minecraft:sleep_in_bed":14,"minecraft:open_enderchest":14,"minecraft:damage_dealt":17664,"minecraft:crouch_one_cm":125208,"minecraft:interact_with_smoker":16,"minecraft:horse_one_cm":509211,"minecraft:interact_with_smithing_table":2,"minecraft:mob_kills":139,"minecraft:interact_with_anvil":23,"minecraft:inspect_hopper":8,"minecraft:climb_one_cm":1987,"minecraft:walk_one_cm":1004232,"minecraft:sneak_time":26886,"minecraft:walk_under_water_one_cm":35857,"minecraft:boat_one_cm":6720,"minecraft:interact_with_blast_furnace":3,"minecraft:total_world_time":380737,"minecraft:interact_with_grindstone":8,"minecraft:time_since_rest":8832,"minecraft:damage_taken":9055,"minecraft:damage_absorbed":39,"minecraft:swim_one_cm":116854,"minecraft:fly_one_cm":2730566,"minecraft:open_chest":472,"minecraft:fall_one_cm":300273},"minecraft:dropped":{"minecraft:crimson_nylium":2,"minecraft:warped_roots":4,"minecraft:emerald":8,"minecraft:gold_nugget":67,"minecraft:white_wool":11,"minecraft:gravel":2,"minecraft:sugar_cane":64,"minecraft:ancient_debris":1,"minecraft:cobbled_deepslate":22,"minecraft:wheat":1,"minecraft:obsidian":5,"minecraft:rotten_flesh":7,"minecraft:blaze_powder":1,"minecraft:crying_obsidian":3,"minecraft:netherrack":4,"minecraft:egg":3,"minecraft:crimson_planks":1,"minecraft:stone_hoe":1,"minecraft:wheat_seeds":46,"minecraft:book":18,"minecraft:apple":1,"minecraft:coal":23,"minecraft:stick":7,"minecraft:diorite":3,"minecraft:torch":1,"minecraft:iron_axe":1,"minecraft:string":139,"minecraft:spruce_sapling":1,"minecraft:tuff":4,"minecraft:raw_iron":2,"minecraft:deepslate_bricks":1,"minecraft:diamond_sword":1,"minecraft:potato":2,"minecraft:hay_block":7,"minecraft:diamond_pickaxe":1,"minecraft:oak_sapling":1,"minecraft:golden_sword":2,"minecraft:stone_pickaxe":1},"minecraft:killed_by":{"minecraft:zombie":3,"minecraft:spider":1,"minecraft:skeleton":1},"minecraft:crafted":{"minecraft:ender_chest":1,"minecraft:grindstone":1,"minecraft:oak_planks":664,"minecraft:smooth_stone":3,"minecraft:blaze_powder":2,"minecraft:stone":6,"minecraft:diamond_shovel":2,"minecraft:cooked_mutton":4,"minecraft:suspicious_stew":5,"minecraft:diamond_helmet":1,"minecraft:bow":4,"minecraft:diamond_leggings":1,"minecraft:chest":5,"minecraft:stone_hoe":2,"minecraft:ender_eye":1,"minecraft:smoker":1,"minecraft:emerald":1004,"minecraft:cooked_porkchop":9,"minecraft:diamond_axe":1,"minecraft:crafting_table":6,"minecraft:spruce_planks":2132,"minecraft:wooden_pickaxe":1,"minecraft:fletching_table":2,"minecraft:birch_planks":148,"minecraft:book":23,"minecraft:paper":129,"minecraft:diamond_pickaxe":2,"minecraft:shield":2,"minecraft:stick":5100,"minecraft:stone_slab":6,"minecraft:iron_ingot":24,"minecraft:iron_pickaxe":1,"minecraft:iron_block":3,"minecraft:gold_ingot":51,"minecraft:shears":1,"minecraft:golden_carrot":150,"minecraft:wooden_sword":1,"minecraft:furnace":3,"minecraft:blast_furnace":1,"minecraft:bone_meal":9,"minecraft:iron_axe":3,"minecraft:stone_pickaxe":1,"minecraft:diamond_boots":1,"minecraft:cooked_beef":22,"minecraft:crimson_planks":80,"minecraft:diamond_sword":1,"minecraft:crimson_slab":6,"minecraft:stone_axe":2,"minecraft:enchanted_book":19,"minecraft:bread":24,"minecraft:air":0,"minecraft:white_wool":13,"minecraft:iron_shovel":1,"minecraft:anvil":1,"minecraft:white_bed":46,"minecraft:torch":68,"minecraft:diamond_chestplate":1},"minecraft:broken":{"minecraft:stone_axe":1,"minecraft:golden_axe":1,"minecraft:iron_axe":2},"minecraft:mined":{"minecraft:white_bed":2,"minecraft:oak_sapling":1,"minecraft:granite":16,"minecraft:chiseled_polished_blackstone":1,"minecraft:grass_block":53,"minecraft:cracked_polished_blackstone_bricks":44,"minecraft:composter":1,"minecraft:polished_blackstone_bricks":76,"minecraft:tall_seagrass":3,"minecraft:magma_block":7,"minecraft:iron_ore":19,"minecraft:fire":149,"minecraft:fletching_table":2,"minecraft:anvil":1,"minecraft:dirt_path":3,"minecraft:oak_stairs":1,"minecraft:tripwire":8,"minecraft:blackstone":25,"minecraft:smoker":4,"minecraft:crimson_nylium":7,"minecraft:blast_furnace":3,"minecraft:chest":8,"minecraft:nether_quartz_ore":178,"minecraft:cobblestone":28,"minecraft:sugar_cane":16,"minecraft:oak_planks":3,"minecraft:wall_torch":2,"minecraft:cauldron":3,"minecraft:birch_sapling":1,"minecraft:seagrass":1,"minecraft:chain":1,"minecraft:warped_nylium":5,"minecraft:nether_wart_block":5,"minecraft:birch_log":38,"minecraft:wheat":24,"minecraft:warped_fungus":1,"minecraft:grass":29,"minecraft:oak_log":167,"minecraft:dirt":35,"minecraft:crimson_planks":2,"minecraft:stonecutter":1,"minecraft:netherrack":1562,"minecraft:ancient_debris":6,"minecraft:oak_leaves":52,"minecraft:deepslate":40,"minecraft:suspicious_gravel":1,"minecraft:nether_gold_ore":75,"minecraft:tuff":4,"minecraft:weeping_vines":3,"minecraft:spruce_leaves":141,"minecraft:crimson_stem":21,"minecraft:hay_block":7,"minecraft:spruce_sapling":2,"minecraft:furnace":3,"minecraft:nether_sprouts":1,"minecraft:andesite":10,"minecraft:stripped_spruce_log":4,"minecraft:gold_block":13,"minecraft:potatoes":4,"minecraft:cobblestone_slab":1,"minecraft:lantern":1,"minecraft:stone":133,"minecraft:ender_chest":2,"minecraft:acacia_leaves":5,"minecraft:infested_stone_bricks":1,"minecraft:basalt":8,"minecraft:crafting_table":7,"minecraft:emerald_ore":1,"minecraft:warped_roots":5,"minecraft:rose_bush":1,"minecraft:lectern":1,"minecraft:tall_grass":12,"minecraft:copper_ore":3,"minecraft:deepslate_gold_ore":2,"minecraft:polished_blackstone_brick_stairs":1,"minecraft:diorite":12,"minecraft:sweet_berry_bush":3,"minecraft:spruce_log":556,"minecraft:birch_leaves":8,"minecraft:yellow_bed":1,"minecraft:coal_ore":147,"minecraft:gravel":105,"minecraft:cracked_stone_bricks":4,"minecraft:stone_bricks":2,"minecraft:chipped_anvil":2,"minecraft:fern":1}},"DataVersion":3465}