{"stats":{"minecraft:killed":{"minecraft:spider":13,"minecraft:skeleton":15,"minecraft:chicken":2,"minecraft:silverfish":2,"minecraft:piglin_brute":3,"minecraft:magma_cube":3,"minecraft:piglin":15,"minecraft:pig":26,"minecraft:iron_golem":2,"minecraft:creeper":10,"minecraft:sheep":16,"minecraft:pillager":1,"minecraft:zombie":44,"minecraft:cow":10,"minecraft:blaze":12,"minecraft:phantom":2,"minecraft:hoglin":1,"minecraft:wither_skeleton":10,"minecraft:enderman":15},"minecraft:crafted":{"minecraft:oak_planks":388,"minecraft:chainmail_helmet":8,"minecraft:cobblestone_slab":12,"minecraft:oak_sign":6,"minecraft:blaze_powder":12,"minecraft:diamond_shovel":1,"minecraft:bookshelf":15,"minecraft:cooked_mutton":14,"minecraft:glass":23,"minecraft:hopper":1,"minecraft:diamond_helmet":1,"minecraft:bow":1,"minecraft:diamond_leggings":1,"minecraft:iron_boots":11,"minecraft:chest":13,"minecraft:rail":32,"minecraft:stone_hoe":13,"minecraft:ender_eye":10,"minecraft:oak_fence":3,"minecraft:glass_bottle":6,"minecraft:oak_slab":60,"minecraft:emerald":516,"minecraft:arrow":32,"minecraft:cooked_porkchop":22,"minecraft:diamond_axe":1,"minecraft:crafting_table":6,"minecraft:spruce_planks":436,"minecraft:wooden_pickaxe":1,"minecraft:iron_helmet":1,"minecraft:smithing_table":1,"minecraft:fletching_table":2,"minecraft:brewing_stand":1,"minecraft:lectern":14,"minecraft:iron_chestplate":1,"minecraft:book":10,"minecraft:paper":282,"minecraft:diamond_pickaxe":1,"minecraft:shield":1,"minecraft:stick":1096,"minecraft:iron_ingot":44,"minecraft:iron_pickaxe":3,"minecraft:stone_sword":1,"minecraft:gold_ingot":118,"minecraft:golden_carrot":128,"minecraft:oak_door":3,"minecraft:furnace":3,"minecraft:bone_meal":51,"minecraft:vine":1,"minecraft:white_carpet":6,"minecraft:oak_trapdoor":28,"minecraft:iron_axe":12,"minecraft:ladder":6,"minecraft:iron_hoe":1,"minecraft:stone_pickaxe":11,"minecraft:diamond_boots":1,"minecraft:chainmail_leggings":13,"minecraft:minecart":1,"minecraft:wheat":423,"minecraft:cooked_beef":8,"minecraft:sugar":4,"minecraft:diamond_sword":1,"minecraft:brown_mushroom":4,"minecraft:iron_sword":1,"minecraft:bucket":2,"minecraft:stone_axe":1,"minecraft:enchanted_book":15,"minecraft:air":0,"minecraft:bread":141,"minecraft:oak_fence_gate":1,"minecraft:oak_boat":6,"minecraft:golden_apple":1,"minecraft:gold_nugget":999,"minecraft:fermented_spider_eye":3,"minecraft:iron_shovel":2,"minecraft:iron_leggings":1,"minecraft:white_bed":1,"minecraft:torch":40,"minecraft:diamond_chestplate":1},"minecraft:dropped":{"minecraft:leather":7,"minecraft:emerald":1,"minecraft:dirt":6,"minecraft:mutton":4,"minecraft:wooden_sword":1,"minecraft:polished_blackstone_bricks":6,"minecraft:sugar":10,"minecraft:white_wool":3,"minecraft:bone":4,"minecraft:gravel":2,"minecraft:ancient_debris":1,"minecraft:iron_nugget":10,"minecraft:golden_chestplate":2,"minecraft:rotten_flesh":13,"minecraft:grindstone":1,"minecraft:oak_planks":1,"minecraft:carrot":413,"minecraft:poppy":4,"minecraft:warped_wart_block":1,"minecraft:netherrack":30,"minecraft:lectern":1,"minecraft:egg":1,"minecraft:stone_hoe":20,"minecraft:enchanted_book":8,"minecraft:iron_ingot":167,"minecraft:bread":32,"minecraft:oak_slab":2,"minecraft:wheat_seeds":23,"minecraft:smithing_table":1,"minecraft:cobblestone":140,"minecraft:book":17,"minecraft:granite":38,"minecraft:chainmail_helmet":29,"minecraft:stick":13,"minecraft:gray_wool":3,"minecraft:diorite":7,"minecraft:golden_carrot":64,"minecraft:iron_axe":29,"minecraft:iron_shovel":1,"minecraft:chainmail_leggings":33,"minecraft:string":2,"minecraft:spruce_sapling":2,"minecraft:warped_nylium":3,"minecraft:stone_sword":1,"minecraft:raw_copper":23,"minecraft:raw_iron":3,"minecraft:chicken":2,"minecraft:iron_boots":22,"minecraft:nether_bricks":1,"minecraft:deepslate_bricks":1,"minecraft:hay_block":10,"minecraft:diamond_pickaxe":1,"minecraft:andesite":20,"minecraft:oak_boat":3,"minecraft:golden_sword":1,"minecraft:stone_bricks":1,"minecraft:spruce_log":4,"minecraft:stone_pickaxe":21,"minecraft:wooden_pickaxe":1},"minecraft:broken":{"minecraft:iron_shovel":1,"minecraft:stone_axe":1,"minecraft:stone_hoe":2,"minecraft:iron_axe":1},"minecraft:killed_by":{"minecraft:zombie":1},"minecraft:custom":{"minecraft:interact_with_crafting_table":108,"minecraft:bell_ring":7,"minecraft:leave_game":9,"minecraft:time_since_death":640503,"minecraft:sprint_one_cm":1786425,"minecraft:damage_blocked_by_shield":1320,"minecraft:drop":294,"minecraft:talked_to_villager":1614,"minecraft:play_time":643119,"minecraft:deaths":1,"minecraft:jump":16816,"minecraft:interact_with_brewingstand":6,"minecraft:walk_on_water_one_cm":80146,"minecraft:interact_with_furnace":85,"minecraft:traded_with_villager":619,"minecraft:sleep_in_bed":43,"minecraft:damage_dealt":39736,"minecraft:crouch_one_cm":147893,"minecraft:interact_with_smithing_table":5,"minecraft:interact_with_anvil":3,"minecraft:mob_kills":206,"minecraft:climb_one_cm":7330,"minecraft:walk_one_cm":2084575,"minecraft:sneak_time":35829,"minecraft:walk_under_water_one_cm":15268,"minecraft:boat_one_cm":76506,"minecraft:interact_with_blast_furnace":2,"minecraft:total_world_time":643119,"minecraft:interact_with_grindstone":7,"minecraft:time_since_rest":44593,"minecraft:damage_taken":8162,"minecraft:minecart_one_cm":63,"minecraft:swim_one_cm":82823,"minecraft:fly_one_cm":4086839,"minecraft:open_chest":361,"minecraft:fall_one_cm":470089},"minecraft:mined":{"minecraft:spruce_planks":1,"minecraft:white_bed":54,"minecraft:farmland":25,"minecraft:cobblestone_stairs":2,"minecraft:brewing_stand":1,"minecraft:spruce_trapdoor":3,"minecraft:granite":27,"minecraft:crimson_trapdoor":2,"minecraft:grass_block":334,"minecraft:jungle_log":1,"minecraft:cracked_polished_blackstone_bricks":27,"minecraft:deepslate_bricks":1,"minecraft:soul_soil":4,"minecraft:composter":6,"minecraft:oak_wall_sign":1,"minecraft:nether_wart":8,"minecraft:spawner":2,"minecraft:polished_blackstone_bricks":44,"minecraft:iron_ore":51,"minecraft:cobbled_deepslate":80,"minecraft:fire":30,"minecraft:fletching_table":59,"minecraft:anvil":2,"minecraft:pointed_dripstone":1,"minecraft:dirt_path":6,"minecraft:blackstone":10,"minecraft:deepslate_tile_slab":3,"minecraft:blast_furnace":2,"minecraft:poppy":269,"minecraft:chest":6,"minecraft:nether_quartz_ore":26,"minecraft:glass":10,"minecraft:cobblestone":71,"minecraft:grindstone":7,"minecraft:sugar_cane":267,"minecraft:oak_planks":77,"minecraft:iron_door":5,"minecraft:deepslate_copper_ore":1,"minecraft:warped_nylium":14,"minecraft:wheat":33,"minecraft:smooth_stone_slab":1,"minecraft:grass":176,"minecraft:oak_log":112,"minecraft:sand":48,"minecraft:dirt":782,"minecraft:stonecutter":1,"minecraft:netherrack":481,"minecraft:ancient_debris":2,"minecraft:oak_leaves":9,"minecraft:deepslate":439,"minecraft:nether_gold_ore":40,"minecraft:tuff":11,"minecraft:oak_door":3,"minecraft:nether_bricks":16,"minecraft:crimson_roots":1,"minecraft:hay_block":180,"minecraft:oak_trapdoor":7,"minecraft:furnace":8,"minecraft:carrots":280,"minecraft:nether_sprouts":1,"minecraft:andesite":20,"minecraft:gold_block":5,"minecraft:bell":8,"minecraft:bookshelf":238,"minecraft:potatoes":10,"minecraft:rail":33,"minecraft:warped_stem":4,"minecraft:stripped_oak_log":1,"minecraft:stone":565,"minecraft:bone_block":3,"minecraft:smithing_table":8,"minecraft:oak_slab":4,"minecraft:soul_sand":32,"minecraft:infested_stone_bricks":1,"minecraft:basalt":14,"minecraft:dandelion":2,"minecraft:oak_fence":1,"minecraft:crafting_table":18,"minecraft:warped_roots":3,"minecraft:lectern":1167,"minecraft:tall_grass":93,"minecraft:copper_ore":12,"minecraft:lapis_ore":7,"minecraft:diorite":12,"minecraft:warped_wart_block":1,"minecraft:spruce_log":113,"minecraft:birch_leaves":9,"minecraft:yellow_bed":7,"minecraft:coal_ore":29,"minecraft:gravel":141,"minecraft:dripstone_block":2,"minecraft:cobweb":6,"minecraft:cracked_stone_bricks":3,"minecraft:stone_bricks":17,"minecraft:mossy_stone_bricks":9,"minecraft:chipped_anvil":1},"minecraft:used":{"minecraft:iron_shovel":418,"minecraft:ladder":6,"minecraft:poppy":1,"minecraft:bone_block":3,"minecraft:oak_sign":5,"minecraft:chest":17,"minecraft:shield":21,"minecraft:iron_sword":29,"minecraft:bell":2,"minecraft:iron_chestplate":1,"minecraft:soul_sand":2,"minecraft:nether_bricks":8,"minecraft:carrot":411,"minecraft:tuff":6,"minecraft:glass":16,"minecraft:lava_bucket":7,"minecraft:iron_helmet":1,"minecraft:furnace":11,"minecraft:egg":4,"minecraft:potato":29,"minecraft:stone_pickaxe":116,"minecraft:wooden_pickaxe":3,"minecraft:composter":5,"minecraft:sugar_cane":69,"minecraft:diamond_axe":1588,"minecraft:blast_furnace":2,"minecraft:dripstone_block":7,"minecraft:bread":114,"minecraft:lectern":1179,"minecraft:gravel":68,"minecraft:diamond_sword":489,"minecraft:grindstone":7,"minecraft:smithing_table":7,"minecraft:oak_boat":56,"minecraft:air":1,"minecraft:bone_meal":51,"minecraft:oak_fence":1,"minecraft:oak_trapdoor":34,"minecraft:stone_sword":74,"minecraft:stone_hoe":273,"minecraft:netherrack":449,"minecraft:oak_door":2,"minecraft:torch":42,"minecraft:brewing_stand":1,"minecraft:dirt":898,"minecraft:anvil":2,"minecraft:white_carpet":4,"minecraft:hopper":1,"minecraft:oak_fence_gate":1,"minecraft:iron_hoe":137,"minecraft:chipped_anvil":1,"minecraft:bookshelf":1,"minecraft:iron_axe":351,"minecraft:iron_boots":1,"minecraft:golden_carrot":16,"minecraft:minecart":5,"minecraft:cooked_beef":8,"minecraft:cobbled_deepslate":51,"minecraft:iron_leggings":1,"minecraft:wheat_seeds":77,"minecraft:cooked_mutton":16,"minecraft:water_bucket":88,"minecraft:glass_bottle":7,"minecraft:fletching_table":61,"minecraft:stonecutter":1,"minecraft:cobblestone_slab":11,"minecraft:polished_blackstone_bricks":35,"minecraft:rail":45,"minecraft:oak_slab":5,"minecraft:crafting_table":23,"minecraft:white_bed":51,"minecraft:oak_log":1,"minecraft:diamond_pickaxe":1870,"minecraft:ender_eye":18,"minecraft:diamond_shovel":906,"minecraft:cracked_polished_blackstone_bricks":5,"minecraft:iron_pickaxe":166,"minecraft:spruce_trapdoor":3,"minecraft:stone_axe":96,"minecraft:cobblestone":343,"minecraft:potion":1,"minecraft:porkchop":3,"minecraft:cooked_porkchop":23,"minecraft:bucket":97,"minecraft:yellow_bed":7,"minecraft:splash_potion":1},"minecraft:picked_up":{"minecraft:wheat":26,"minecraft:anvil":4,"minecraft:smithing_table":9,"minecraft:diamond_sword":1,"minecraft:brewing_stand":1,"minecraft:golden_sword":1,"minecraft:polished_blackstone_brick_stairs":1,"minecraft:string":28,"minecraft:raw_copper":91,"minecraft:soul_soil":3,"minecraft:oak_sign":1,"minecraft:beetroot":1,"minecraft:diamond_leggings":1,"minecraft:gold_nugget":302,"minecraft:cobbled_deepslate":144,"minecraft:ender_eye":11,"minecraft:iron_pickaxe":2,"minecraft:furnace":8,"minecraft:iron_boots":12,"minecraft:stick":15,"minecraft:composter":6,"minecraft:torch":3,"minecraft:porkchop":88,"minecraft:pointed_dripstone":1,"minecraft:diorite":7,"minecraft:golden_chestplate":2,"minecraft:rotten_flesh":28,"minecraft:blaze_rod":10,"minecraft:obsidian":5,"minecraft:cobblestone":1355,"minecraft:feather":16,"minecraft:andesite":29,"minecraft:brown_wool":1,"minecraft:potato":32,"minecraft:flint":5,"minecraft:tuff":6,"minecraft:wither_skeleton_skull":1,"minecraft:lapis_lazuli":86,"minecraft:dirt":1250,"minecraft:lantern":2,"minecraft:bone":20,"minecraft:chipped_anvil":1,"minecraft:stonecutter":1,"minecraft:bow":3,"minecraft:wheat_seeds":107,"minecraft:bell":10,"minecraft:grindstone":9,"minecraft:fletching_table":59,"minecraft:diamond_helmet":1,"minecraft:stone_hoe":12,"minecraft:oak_planks":76,"minecraft:cooked_porkchop":1,"minecraft:warped_wart_block":1,"minecraft:sand":90,"minecraft:sugar":10,"minecraft:cracked_polished_blackstone_bricks":26,"minecraft:granite":42,"minecraft:golden_apple":1,"minecraft:emerald":176,"minecraft:chainmail_helmet":22,"minecraft:bread":12,"minecraft:oak_sapling":4,"minecraft:netherrack":957,"minecraft:diamond_pickaxe":2,"minecraft:crafting_table":18,"minecraft:chicken":18,"minecraft:nether_wart":10,"minecraft:gold_block":10,"minecraft:crimson_trapdoor":2,"minecraft:shield":1,"minecraft:oak_trapdoor":7,"minecraft:iron_axe":19,"minecraft:wooden_sword":1,"minecraft:iron_shovel":1,"minecraft:blackstone":10,"minecraft:beef":52,"minecraft:oak_boat":58,"minecraft:poppy":267,"minecraft:light_gray_wool":2,"minecraft:minecart":5,"minecraft:lectern":1167,"minecraft:sugar_cane":431,"minecraft:chest":6,"minecraft:birch_sapling":1,"minecraft:spruce_trapdoor":3,"minecraft:phantom_membrane":1,"minecraft:egg":8,"minecraft:raw_iron":69,"minecraft:oak_door":1,"minecraft:polished_blackstone_bricks":41,"minecraft:carrot":1065,"minecraft:arrow":81,"minecraft:diamond_chestplate":2,"minecraft:nether_bricks":16,"minecraft:deepslate_bricks":1,"minecraft:diamond_boots":1,"minecraft:hay_block":232,"minecraft:mutton":63,"minecraft:bone_block":3,"minecraft:rail":45,"minecraft:white_wool":37,"minecraft:oxeye_daisy":1,"minecraft:stripped_oak_log":1,"minecraft:basalt":14,"minecraft:golden_carrot":68,"minecraft:leather":38,"minecraft:birch_planks":1,"minecraft:crimson_fungus":1,"minecraft:oak_log":130,"minecraft:ancient_debris":3,"minecraft:yellow_bed":10,"minecraft:gunpowder":8,"minecraft:cobblestone_stairs":8,"minecraft:deepslate_tile_slab":3,"minecraft:paper":12,"minecraft:cooked_mutton":2,"minecraft:apple":16,"minecraft:stone_bricks":1,"minecraft:warped_stem":4,"minecraft:iron_ingot":122,"minecraft:stone_pickaxe":10,"minecraft:acacia_sapling":1,"minecraft:soul_sand":32,"minecraft:book":736,"minecraft:oak_slab":5,"minecraft:quartz":52,"minecraft:dandelion":2,"minecraft:dripstone_block":7,"minecraft:gravel":88,"minecraft:spruce_sapling":2,"minecraft:blast_furnace":3,"minecraft:white_bed":54,"minecraft:spruce_log":113,"minecraft:spider_eye":3,"minecraft:chainmail_leggings":20,"minecraft:diamond_axe":1,"minecraft:gray_wool":5,"minecraft:warped_roots":10,"minecraft:black_wool":3,"minecraft:warped_nylium":3,"minecraft:coal":111,"minecraft:ender_pearl":10}},"DataVersion":3465}