{"stats":{"minecraft:custom":{"minecraft:animals_bred":1,"minecraft:interact_with_crafting_table":130,"minecraft:open_barrel":2,"minecraft:bell_ring":5,"minecraft:leave_game":20,"minecraft:time_since_death":139319,"minecraft:sprint_one_cm":2975525,"minecraft:damage_blocked_by_shield":3165,"minecraft:drop":488,"minecraft:talked_to_villager":215,"minecraft:play_time":1219109,"minecraft:deaths":9,"minecraft:jump":11672,"minecraft:interact_with_brewingstand":1,"minecraft:walk_on_water_one_cm":150989,"minecraft:interact_with_furnace":163,"minecraft:traded_with_villager":197,"minecraft:sleep_in_bed":70,"minecraft:damage_dealt":28317,"minecraft:crouch_one_cm":8388,"minecraft:horse_one_cm":301752,"minecraft:mob_kills":199,"minecraft:interact_with_anvil":16,"minecraft:climb_one_cm":18642,"minecraft:walk_one_cm":4828472,"minecraft:sneak_time":5546,"minecraft:walk_under_water_one_cm":96493,"minecraft:interact_with_blast_furnace":1,"minecraft:total_world_time":1219109,"minecraft:time_since_rest":856,"minecraft:damage_taken":10881,"minecraft:swim_one_cm":128980,"minecraft:fly_one_cm":909367,"minecraft:open_chest":369,"minecraft:fish_caught":6,"minecraft:fall_one_cm":179101},"minecraft:dropped":{"minecraft:iron_sword":2,"minecraft:moss_block":4,"minecraft:lapis_lazuli":65,"minecraft:diamond_axe":1,"minecraft:cooked_beef":2,"minecraft:leather":13,"minecraft:cobblestone_stairs":18,"minecraft:dirt":38,"minecraft:iron_pickaxe":1,"minecraft:gravel":6,"minecraft:sugar_cane":3,"minecraft:golden_chestplate":1,"minecraft:cobbled_deepslate":20,"minecraft:rotten_flesh":36,"minecraft:carrot":39,"minecraft:leather_chestplate":1,"minecraft:chest":2,"minecraft:iron_ore":1,"minecraft:netherrack":636,"minecraft:egg":4,"minecraft:enchanted_book":1,"minecraft:stone_hoe":1,"minecraft:golden_boots":1,"minecraft:iron_ingot":90,"minecraft:wheat_seeds":29,"minecraft:dripstone_block":3,"minecraft:poisonous_potato":1,"minecraft:iron_helmet":1,"minecraft:cobblestone":24,"minecraft:granite":59,"minecraft:spruce_stairs":49,"minecraft:diorite":36,"minecraft:iron_leggings":1,"minecraft:pumpkin":4,"minecraft:flowering_azalea":1,"minecraft:iron_axe":3,"minecraft:mossy_cobblestone_stairs":9,"minecraft:iron_shovel":1,"minecraft:paper":9,"minecraft:bucket":3,"minecraft:redstone":8,"minecraft:cobblestone_wall":6,"minecraft:raw_copper":9,"minecraft:deepslate":1,"minecraft:tuff":30,"minecraft:clay_ball":4,"minecraft:iron_boots":1,"minecraft:name_tag":2,"minecraft:copper_ore":2,"minecraft:diamond_sword":2,"minecraft:cobblestone_slab":7,"minecraft:shroomlight":2,"minecraft:shield":1,"minecraft:iron_chestplate":1,"minecraft:diamond_pickaxe":1,"minecraft:golden_leggings":1,"minecraft:oak_sapling":6,"minecraft:spruce_log":22,"minecraft:bow":4,"minecraft:stone_pickaxe":1},"minecraft:picked_up":{"minecraft:iron_chestplate":2,"minecraft:wheat":9,"minecraft:diamond_sword":5,"minecraft:enchanted_book":2,"minecraft:stone_brick_stairs":2,"minecraft:string":44,"minecraft:raw_copper":18,"minecraft:iron_leggings":2,"minecraft:pufferfish":6,"minecraft:shroomlight":4,"minecraft:diamond_leggings":4,"minecraft:gold_nugget":9,"minecraft:cobbled_deepslate":111,"minecraft:bucket":28,"minecraft:spruce_planks":408,"minecraft:cobblestone_slab":19,"minecraft:iron_pickaxe":9,"minecraft:furnace":15,"minecraft:iron_boots":2,"minecraft:stick":112,"minecraft:torch":79,"minecraft:spruce_stairs":449,"minecraft:porkchop":17,"minecraft:pointed_dripstone":2,"minecraft:diorite":151,"minecraft:golden_chestplate":2,"minecraft:rotten_flesh":172,"minecraft:obsidian":10,"minecraft:cod":1,"minecraft:cobblestone":1635,"minecraft:leather_chestplate":1,"minecraft:feather":15,"minecraft:cooked_beef":18,"minecraft:water_bucket":1,"minecraft:andesite":64,"minecraft:golden_leggings":2,"minecraft:potato":392,"minecraft:flint":2,"minecraft:tuff":36,"minecraft:lapis_lazuli":194,"minecraft:dirt":438,"minecraft:name_tag":3,"minecraft:glass":26,"minecraft:bone":113,"minecraft:chipped_anvil":1,"minecraft:bow":8,"minecraft:wheat_seeds":74,"minecraft:raw_gold":5,"minecraft:bell":1,"minecraft:diamond_helmet":4,"minecraft:glowstone_dust":2,"minecraft:moss_block":18,"minecraft:stone_hoe":2,"minecraft:oak_planks":154,"minecraft:cooked_porkchop":5,"minecraft:poisonous_potato":1,"minecraft:sand":112,"minecraft:stripped_spruce_log":14,"minecraft:nether_brick_stairs":3,"minecraft:barrel":5,"minecraft:mossy_cobblestone":1498,"minecraft:spruce_fence_gate":11,"minecraft:diamond":2,"minecraft:deepslate":3,"minecraft:granite":118,"minecraft:spruce_sign":6,"minecraft:emerald":9,"minecraft:oak_sapling":10,"minecraft:netherrack":25,"minecraft:diamond_pickaxe":4,"minecraft:fishing_rod":2,"minecraft:crafting_table":42,"minecraft:coarse_dirt":49,"minecraft:chicken":7,"minecraft:ladder":16,"minecraft:clay_ball":8,"minecraft:brown_mushroom":11,"minecraft:shield":5,"minecraft:iron_axe":7,"minecraft:moss_carpet":3,"minecraft:flint_and_steel":1,"minecraft:iron_shovel":1,"minecraft:beef":36,"minecraft:poppy":3,"minecraft:spruce_slab":39,"minecraft:sugar_cane":1332,"minecraft:chest":9,"minecraft:spruce_trapdoor":40,"minecraft:egg":10,"minecraft:copper_ore":4,"minecraft:raw_iron":88,"minecraft:stone":3,"minecraft:spruce_fence":68,"minecraft:carrot":129,"minecraft:redstone":16,"minecraft:arrow":530,"minecraft:diamond_chestplate":4,"minecraft:diamond_boots":4,"minecraft:saddle":2,"minecraft:gold_ingot":7,"minecraft:mutton":18,"minecraft:white_wool":11,"minecraft:salmon":2,"minecraft:leather":56,"minecraft:oak_log":545,"minecraft:gunpowder":33,"minecraft:golden_boots":1,"minecraft:cobblestone_wall":30,"minecraft:cobblestone_stairs":87,"minecraft:paper":33,"minecraft:cooked_mutton":4,"minecraft:podzol":2,"minecraft:apple":8,"minecraft:stone_bricks":11,"minecraft:iron_ingot":81,"minecraft:stone_pickaxe":4,"minecraft:cooked_chicken":2,"minecraft:iron_ore":2,"minecraft:flowering_azalea":4,"minecraft:iron_sword":6,"minecraft:book":6,"minecraft:pumpkin":12,"minecraft:dripstone_block":3,"minecraft:gravel":12,"minecraft:spruce_sapling":47,"minecraft:white_bed":7,"minecraft:spruce_log":611,"minecraft:spruce_door":9,"minecraft:spider_eye":9,"minecraft:iron_helmet":2,"minecraft:diamond_axe":5,"minecraft:painting":29,"minecraft:mossy_cobblestone_stairs":39,"minecraft:terracotta":3,"minecraft:baked_potato":125,"minecraft:coal":430,"minecraft:ender_pearl":3},"minecraft:used":{"minecraft:iron_shovel":109,"minecraft:spruce_slab":26,"minecraft:poppy":1,"minecraft:chest":15,"minecraft:shield":53,"minecraft:iron_sword":253,"minecraft:bell":2,"minecraft:carrot":52,"minecraft:tuff":6,"minecraft:obsidian":10,"minecraft:glass":25,"minecraft:lava_bucket":11,"minecraft:stone_brick_stairs":2,"minecraft:stone_bricks":19,"minecraft:bow":75,"minecraft:furnace":12,"minecraft:oak_sapling":4,"minecraft:cooked_cod":1,"minecraft:potato":121,"minecraft:diorite":20,"minecraft:spruce_door":10,"minecraft:stone_pickaxe":256,"minecraft:wooden_pickaxe":5,"minecraft:sugar_cane":72,"minecraft:diamond_axe":845,"minecraft:sand":34,"minecraft:bread":3,"minecraft:diamond_sword":116,"minecraft:andesite":7,"minecraft:coarse_dirt":43,"minecraft:bone_meal":3,"minecraft:flint_and_steel":1,"minecraft:spruce_planks":154,"minecraft:cooked_salmon":2,"minecraft:stone_hoe":32,"minecraft:cooked_chicken":6,"minecraft:torch":94,"minecraft:dirt":319,"minecraft:anvil":1,"minecraft:spruce_stairs":317,"minecraft:cobblestone_wall":19,"minecraft:spruce_fence":12,"minecraft:mossy_cobblestone_stairs":24,"minecraft:wooden_axe":50,"minecraft:chipped_anvil":1,"minecraft:iron_axe":1126,"minecraft:barrel":3,"minecraft:podzol":1,"minecraft:cooked_beef":24,"minecraft:cobbled_deepslate":79,"minecraft:pointed_dripstone":1,"minecraft:wheat_seeds":12,"minecraft:cooked_mutton":14,"minecraft:water_bucket":20,"minecraft:cobblestone_stairs":41,"minecraft:baked_potato":147,"minecraft:cobblestone_slab":12,"minecraft:mossy_cobblestone":4,"minecraft:crafting_table":31,"minecraft:white_bed":7,"minecraft:painting":38,"minecraft:spruce_log":227,"minecraft:oak_log":42,"minecraft:diamond_pickaxe":1033,"minecraft:iron_pickaxe":1509,"minecraft:spruce_sapling":31,"minecraft:stone_axe":326,"minecraft:fishing_rod":7,"minecraft:cobblestone":556,"minecraft:cooked_porkchop":9,"minecraft:bucket":31},"minecraft:crafted":{"minecraft:oak_planks":1766,"minecraft:cobblestone_slab":12,"minecraft:barrel":1,"minecraft:cooked_chicken":7,"minecraft:stone":27,"minecraft:cobblestone_stairs":52,"minecraft:cooked_mutton":14,"minecraft:glass":45,"minecraft:bow":1,"minecraft:iron_boots":1,"minecraft:chest":8,"minecraft:stone_hoe":1,"minecraft:stone_bricks":24,"minecraft:emerald":187,"minecraft:cooked_porkchop":17,"minecraft:crafting_table":4,"minecraft:spruce_planks":802,"minecraft:iron_helmet":1,"minecraft:wooden_pickaxe":1,"minecraft:baked_potato":167,"minecraft:spruce_door":6,"minecraft:painting":2,"minecraft:stone_brick_stairs":4,"minecraft:iron_chestplate":1,"minecraft:book":3,"minecraft:paper":1226,"minecraft:diamond_pickaxe":1,"minecraft:shield":2,"minecraft:stick":4334,"minecraft:iron_ingot":74,"minecraft:iron_pickaxe":7,"minecraft:iron_block":3,"minecraft:gold_ingot":5,"minecraft:fishing_rod":1,"minecraft:furnace":6,"minecraft:mossy_cobblestone_stairs":18,"minecraft:bone_meal":3,"minecraft:flint_and_steel":1,"minecraft:spruce_stairs":168,"minecraft:iron_axe":6,"minecraft:stone_pickaxe":3,"minecraft:cobblestone_wall":18,"minecraft:cooked_beef":24,"minecraft:cooked_cod":1,"minecraft:diamond_sword":1,"minecraft:iron_sword":2,"minecraft:cooked_salmon":2,"minecraft:bucket":18,"minecraft:stone_axe":3,"minecraft:enchanted_book":9,"minecraft:bread":3,"minecraft:air":0,"minecraft:gold_nugget":2,"minecraft:wooden_axe":1,"minecraft:iron_shovel":1,"minecraft:iron_leggings":1,"minecraft:anvil":1,"minecraft:white_bed":2,"minecraft:torch":64},"minecraft:mined":{"minecraft:spruce_planks":395,"minecraft:white_bed":5,"minecraft:cobblestone_stairs":36,"minecraft:spruce_trapdoor":32,"minecraft:obsidian":9,"minecraft:cave_vines_plant":4,"minecraft:granite":18,"minecraft:grass_block":81,"minecraft:spawner":1,"minecraft:mossy_cobblestone_stairs":20,"minecraft:barrel":5,"minecraft:iron_ore":56,"minecraft:cobbled_deepslate":1,"minecraft:fire":1,"minecraft:pumpkin":4,"minecraft:deepslate_lapis_ore":8,"minecraft:cave_vines":2,"minecraft:spruce_slab":31,"minecraft:deepslate_redstone_ore":2,"minecraft:brown_mushroom":3,"minecraft:powder_snow":5,"minecraft:clay":1,"minecraft:torch":14,"minecraft:poppy":2,"minecraft:chest":7,"minecraft:dead_bush":1,"minecraft:cobblestone":285,"minecraft:sugar_cane":791,"minecraft:oak_planks":31,"minecraft:wall_torch":9,"minecraft:wheat":12,"minecraft:grass":21,"minecraft:oak_log":498,"minecraft:sand":99,"minecraft:dirt":126,"minecraft:netherrack":19,"minecraft:oak_leaves":64,"minecraft:deepslate":95,"minecraft:tuff":37,"minecraft:mossy_cobblestone":793,"minecraft:deepslate_diamond_ore":2,"minecraft:spruce_fence":10,"minecraft:spruce_leaves":174,"minecraft:moss_block":7,"minecraft:large_fern":4,"minecraft:furnace":11,"minecraft:carrots":27,"minecraft:andesite":39,"minecraft:stripped_spruce_log":14,"minecraft:potatoes":92,"minecraft:deepslate_iron_ore":21,"minecraft:shroomlight":2,"minecraft:cobblestone_slab":8,"minecraft:stone":891,"minecraft:podzol":57,"minecraft:flowering_azalea":1,"minecraft:spruce_door":5,"minecraft:crafting_table":33,"minecraft:tall_grass":14,"minecraft:copper_ore":3,"minecraft:lapis_ore":2,"minecraft:deepslate_gold_ore":6,"minecraft:diorite":55,"minecraft:spruce_stairs":202,"minecraft:coarse_dirt":39,"minecraft:cobblestone_wall":19,"minecraft:spruce_log":468,"minecraft:coal_ore":193,"minecraft:gravel":7,"minecraft:dripstone_block":3,"minecraft:cobweb":6,"minecraft:terracotta":3,"minecraft:spruce_fence_gate":6,"minecraft:stone_bricks":7,"minecraft:chipped_anvil":1,"minecraft:fern":18},"minecraft:killed_by":{"minecraft:creeper":1,"minecraft:zombie":2,"minecraft:player":1,"minecraft:skeleton":5},"minecraft:broken":{"minecraft:diamond_helmet":1,"minecraft:stone_pickaxe":2,"minecraft:stone_axe":3,"minecraft:wooden_axe":1,"minecraft:shield":1,"minecraft:iron_axe":4,"minecraft:iron_pickaxe":5},"minecraft:killed":{"minecraft:zombified_piglin":2,"minecraft:witch":1,"minecraft:spider":11,"minecraft:skeleton":31,"minecraft:chicken":7,"minecraft:wolf":2,"minecraft:piglin":4,"minecraft:pig":6,"minecraft:creeper":11,"minecraft:sheep":10,"minecraft:pillager":1,"minecraft:zombie":86,"minecraft:cow":14,"minecraft:hoglin":3,"minecraft:enderman":2}},"DataVersion":3465}