{"stats":{"minecraft:custom":{"minecraft:animals_bred":1,"minecraft:interact_with_crafting_table":118,"minecraft:bell_ring":5,"minecraft:leave_game":19,"minecraft:time_since_death":17053,"minecraft:sprint_one_cm":2857326,"minecraft:damage_blocked_by_shield":3165,"minecraft:drop":65,"minecraft:talked_to_villager":215,"minecraft:play_time":1096843,"minecraft:deaths":9,"minecraft:jump":11189,"minecraft:interact_with_brewingstand":1,"minecraft:walk_on_water_one_cm":150989,"minecraft:interact_with_furnace":156,"minecraft:traded_with_villager":197,"minecraft:sleep_in_bed":63,"minecraft:damage_dealt":27086,"minecraft:crouch_one_cm":8388,"minecraft:horse_one_cm":301752,"minecraft:mob_kills":190,"minecraft:interact_with_anvil":16,"minecraft:climb_one_cm":12988,"minecraft:walk_one_cm":4550019,"minecraft:sneak_time":5506,"minecraft:walk_under_water_one_cm":96493,"minecraft:interact_with_blast_furnace":1,"minecraft:total_world_time":1096843,"minecraft:time_since_rest":0,"minecraft:damage_taken":10528,"minecraft:swim_one_cm":128980,"minecraft:fly_one_cm":888644,"minecraft:open_chest":258,"minecraft:fish_caught":6,"minecraft:fall_one_cm":170466},"minecraft:dropped":{"minecraft:iron_sword":2,"minecraft:diamond_axe":1,"minecraft:cooked_beef":2,"minecraft:dirt":38,"minecraft:iron_pickaxe":1,"minecraft:gravel":6,"minecraft:sugar_cane":3,"minecraft:golden_chestplate":1,"minecraft:cobbled_deepslate":20,"minecraft:rotten_flesh":31,"minecraft:leather_chestplate":1,"minecraft:netherrack":636,"minecraft:golden_boots":1,"minecraft:wheat_seeds":3,"minecraft:dripstone_block":3,"minecraft:poisonous_potato":1,"minecraft:iron_helmet":1,"minecraft:cobblestone":24,"minecraft:granite":42,"minecraft:spruce_stairs":2,"minecraft:diorite":36,"minecraft:iron_leggings":1,"minecraft:iron_axe":3,"minecraft:bucket":1,"minecraft:deepslate":1,"minecraft:tuff":30,"minecraft:iron_boots":1,"minecraft:name_tag":2,"minecraft:diamond_sword":1,"minecraft:iron_chestplate":1,"minecraft:diamond_pickaxe":1,"minecraft:golden_leggings":1,"minecraft:oak_sapling":6,"minecraft:spruce_log":1,"minecraft:bow":2},"minecraft:picked_up":{"minecraft:iron_chestplate":2,"minecraft:wheat":9,"minecraft:diamond_sword":3,"minecraft:enchanted_book":1,"minecraft:string":19,"minecraft:raw_copper":9,"minecraft:iron_leggings":2,"minecraft:pufferfish":3,"minecraft:shroomlight":2,"minecraft:diamond_leggings":4,"minecraft:gold_nugget":2,"minecraft:cobbled_deepslate":106,"minecraft:bucket":8,"minecraft:spruce_planks":108,"minecraft:cobblestone_slab":3,"minecraft:iron_pickaxe":8,"minecraft:furnace":9,"minecraft:iron_boots":2,"minecraft:stick":89,"minecraft:torch":77,"minecraft:spruce_stairs":232,"minecraft:porkchop":17,"minecraft:pointed_dripstone":1,"minecraft:diorite":102,"minecraft:golden_chestplate":2,"minecraft:rotten_flesh":106,"minecraft:obsidian":10,"minecraft:cod":1,"minecraft:cobblestone":1563,"minecraft:leather_chestplate":1,"minecraft:feather":8,"minecraft:cooked_beef":18,"minecraft:water_bucket":1,"minecraft:andesite":33,"minecraft:golden_leggings":2,"minecraft:potato":344,"minecraft:flint":2,"minecraft:tuff":36,"minecraft:lapis_lazuli":65,"minecraft:dirt":377,"minecraft:name_tag":3,"minecraft:glass":6,"minecraft:bone":63,"minecraft:bow":6,"minecraft:wheat_seeds":46,"minecraft:raw_gold":5,"minecraft:diamond_helmet":4,"minecraft:glowstone_dust":1,"minecraft:moss_block":6,"minecraft:oak_planks":154,"minecraft:cooked_porkchop":5,"minecraft:poisonous_potato":1,"minecraft:sand":96,"minecraft:stripped_spruce_log":2,"minecraft:mossy_cobblestone":799,"minecraft:diamond":2,"minecraft:deepslate":1,"minecraft:granite":101,"minecraft:oak_sapling":10,"minecraft:netherrack":25,"minecraft:diamond_pickaxe":3,"minecraft:crafting_table":32,"minecraft:coarse_dirt":49,"minecraft:chicken":7,"minecraft:clay_ball":4,"minecraft:brown_mushroom":6,"minecraft:shield":4,"minecraft:iron_axe":7,"minecraft:moss_carpet":1,"minecraft:beef":36,"minecraft:poppy":2,"minecraft:spruce_slab":37,"minecraft:sugar_cane":1312,"minecraft:chest":1,"minecraft:spruce_trapdoor":2,"minecraft:egg":6,"minecraft:copper_ore":2,"minecraft:raw_iron":88,"minecraft:spruce_fence":2,"minecraft:carrot":90,"minecraft:redstone":8,"minecraft:arrow":369,"minecraft:diamond_chestplate":4,"minecraft:diamond_boots":4,"minecraft:gold_ingot":1,"minecraft:mutton":18,"minecraft:white_wool":10,"minecraft:salmon":2,"minecraft:leather":43,"minecraft:oak_log":545,"minecraft:gunpowder":20,"minecraft:golden_boots":1,"minecraft:cobblestone_wall":7,"minecraft:cobblestone_stairs":20,"minecraft:paper":15,"minecraft:cooked_mutton":4,"minecraft:podzol":2,"minecraft:apple":5,"minecraft:stone_bricks":2,"minecraft:iron_ingot":8,"minecraft:stone_pickaxe":3,"minecraft:cooked_chicken":2,"minecraft:iron_ore":1,"minecraft:flowering_azalea":1,"minecraft:iron_sword":4,"minecraft:book":6,"minecraft:pumpkin":4,"minecraft:dripstone_block":3,"minecraft:gravel":12,"minecraft:spruce_sapling":47,"minecraft:white_bed":4,"minecraft:spruce_log":488,"minecraft:spruce_door":5,"minecraft:spider_eye":6,"minecraft:iron_helmet":2,"minecraft:diamond_axe":5,"minecraft:painting":27,"minecraft:mossy_cobblestone_stairs":12,"minecraft:baked_potato":125,"minecraft:coal":414,"minecraft:ender_pearl":2},"minecraft:used":{"minecraft:iron_shovel":109,"minecraft:spruce_slab":22,"minecraft:poppy":1,"minecraft:chest":5,"minecraft:shield":53,"minecraft:iron_sword":253,"minecraft:bell":2,"minecraft:carrot":52,"minecraft:tuff":6,"minecraft:obsidian":10,"minecraft:glass":25,"minecraft:lava_bucket":11,"minecraft:stone_bricks":6,"minecraft:bow":75,"minecraft:furnace":11,"minecraft:oak_sapling":4,"minecraft:cooked_cod":1,"minecraft:potato":121,"minecraft:diorite":20,"minecraft:spruce_door":7,"minecraft:stone_pickaxe":256,"minecraft:wooden_pickaxe":5,"minecraft:sugar_cane":72,"minecraft:diamond_axe":797,"minecraft:sand":34,"minecraft:bread":3,"minecraft:diamond_sword":106,"minecraft:andesite":6,"minecraft:coarse_dirt":43,"minecraft:bone_meal":3,"minecraft:flint_and_steel":1,"minecraft:spruce_planks":152,"minecraft:cooked_salmon":2,"minecraft:stone_hoe":32,"minecraft:cooked_chicken":6,"minecraft:torch":92,"minecraft:dirt":260,"minecraft:anvil":1,"minecraft:spruce_stairs":315,"minecraft:cobblestone_wall":19,"minecraft:spruce_fence":8,"minecraft:mossy_cobblestone_stairs":24,"minecraft:wooden_axe":50,"minecraft:iron_axe":569,"minecraft:podzol":1,"minecraft:cooked_beef":24,"minecraft:cobbled_deepslate":79,"minecraft:pointed_dripstone":1,"minecraft:wheat_seeds":12,"minecraft:cooked_mutton":14,"minecraft:water_bucket":20,"minecraft:cobblestone_stairs":41,"minecraft:baked_potato":137,"minecraft:cobblestone_slab":12,"minecraft:mossy_cobblestone":4,"minecraft:crafting_table":27,"minecraft:white_bed":6,"minecraft:painting":38,"minecraft:spruce_log":227,"minecraft:oak_log":42,"minecraft:diamond_pickaxe":1019,"minecraft:iron_pickaxe":1308,"minecraft:spruce_sapling":31,"minecraft:stone_axe":326,"minecraft:fishing_rod":7,"minecraft:cobblestone":554,"minecraft:cooked_porkchop":9,"minecraft:bucket":31},"minecraft:crafted":{"minecraft:oak_planks":1766,"minecraft:cobblestone_slab":12,"minecraft:cooked_chicken":7,"minecraft:stone":6,"minecraft:cobblestone_stairs":52,"minecraft:cooked_mutton":14,"minecraft:glass":45,"minecraft:bow":1,"minecraft:iron_boots":1,"minecraft:chest":4,"minecraft:stone_hoe":1,"minecraft:stone_bricks":4,"minecraft:emerald":187,"minecraft:cooked_porkchop":17,"minecraft:crafting_table":4,"minecraft:spruce_planks":738,"minecraft:iron_helmet":1,"minecraft:wooden_pickaxe":1,"minecraft:baked_potato":167,"minecraft:spruce_door":6,"minecraft:painting":2,"minecraft:iron_chestplate":1,"minecraft:book":3,"minecraft:paper":1226,"minecraft:diamond_pickaxe":1,"minecraft:shield":2,"minecraft:stick":4334,"minecraft:iron_ingot":74,"minecraft:iron_pickaxe":6,"minecraft:iron_block":3,"minecraft:gold_ingot":5,"minecraft:fishing_rod":1,"minecraft:furnace":6,"minecraft:mossy_cobblestone_stairs":18,"minecraft:bone_meal":3,"minecraft:flint_and_steel":1,"minecraft:spruce_stairs":168,"minecraft:iron_axe":3,"minecraft:stone_pickaxe":3,"minecraft:cobblestone_wall":18,"minecraft:cooked_beef":24,"minecraft:cooked_cod":1,"minecraft:diamond_sword":1,"minecraft:iron_sword":2,"minecraft:cooked_salmon":2,"minecraft:bucket":18,"minecraft:stone_axe":3,"minecraft:enchanted_book":9,"minecraft:bread":3,"minecraft:air":0,"minecraft:gold_nugget":2,"minecraft:wooden_axe":1,"minecraft:iron_shovel":1,"minecraft:iron_leggings":1,"minecraft:anvil":1,"minecraft:white_bed":2,"minecraft:torch":64},"minecraft:mined":{"minecraft:spruce_planks":83,"minecraft:white_bed":3,"minecraft:cobblestone_stairs":19,"minecraft:obsidian":9,"minecraft:cave_vines_plant":4,"minecraft:granite":18,"minecraft:grass_block":57,"minecraft:spawner":1,"minecraft:mossy_cobblestone_stairs":11,"minecraft:iron_ore":56,"minecraft:cobbled_deepslate":1,"minecraft:fire":1,"minecraft:pumpkin":4,"minecraft:deepslate_lapis_ore":8,"minecraft:cave_vines":2,"minecraft:spruce_slab":23,"minecraft:deepslate_redstone_ore":2,"minecraft:brown_mushroom":3,"minecraft:powder_snow":5,"minecraft:clay":1,"minecraft:torch":14,"minecraft:poppy":2,"minecraft:chest":1,"minecraft:dead_bush":1,"minecraft:cobblestone":133,"minecraft:sugar_cane":791,"minecraft:oak_planks":31,"minecraft:wall_torch":7,"minecraft:wheat":12,"minecraft:grass":20,"minecraft:oak_log":498,"minecraft:sand":99,"minecraft:dirt":125,"minecraft:netherrack":19,"minecraft:oak_leaves":64,"minecraft:deepslate":95,"minecraft:tuff":37,"minecraft:mossy_cobblestone":793,"minecraft:deepslate_diamond_ore":2,"minecraft:spruce_leaves":174,"minecraft:moss_block":7,"minecraft:large_fern":4,"minecraft:furnace":6,"minecraft:carrots":27,"minecraft:andesite":36,"minecraft:stripped_spruce_log":2,"minecraft:potatoes":92,"minecraft:deepslate_iron_ore":21,"minecraft:shroomlight":2,"minecraft:cobblestone_slab":3,"minecraft:stone":890,"minecraft:podzol":55,"minecraft:flowering_azalea":1,"minecraft:spruce_door":3,"minecraft:crafting_table":25,"minecraft:tall_grass":14,"minecraft:copper_ore":3,"minecraft:lapis_ore":2,"minecraft:deepslate_gold_ore":6,"minecraft:diorite":55,"minecraft:spruce_stairs":120,"minecraft:coarse_dirt":39,"minecraft:cobblestone_wall":7,"minecraft:spruce_log":372,"minecraft:coal_ore":193,"minecraft:gravel":7,"minecraft:dripstone_block":3,"minecraft:cobweb":6,"minecraft:stone_bricks":2,"minecraft:fern":14},"minecraft:killed_by":{"minecraft:creeper":1,"minecraft:zombie":2,"minecraft:player":1,"minecraft:skeleton":5},"minecraft:broken":{"minecraft:stone_pickaxe":2,"minecraft:stone_axe":3,"minecraft:wooden_axe":1,"minecraft:shield":1,"minecraft:iron_axe":2,"minecraft:iron_pickaxe":4},"minecraft:killed":{"minecraft:zombified_piglin":2,"minecraft:witch":1,"minecraft:spider":10,"minecraft:skeleton":28,"minecraft:chicken":7,"minecraft:wolf":2,"minecraft:piglin":4,"minecraft:pig":6,"minecraft:creeper":10,"minecraft:sheep":10,"minecraft:pillager":1,"minecraft:zombie":84,"minecraft:cow":14,"minecraft:hoglin":3,"minecraft:enderman":2}},"DataVersion":3465}