{"stats":{"minecraft:crafted":{"minecraft:oak_planks":100,"minecraft:cooked_porkchop":7,"minecraft:crafting_table":1,"minecraft:stick":4,"minecraft:wooden_pickaxe":1,"minecraft:stone_pickaxe":1,"minecraft:furnace":1,"minecraft:stone_axe":1,"minecraft:air":0},"minecraft:killed":{"minecraft:sheep":7,"minecraft:pig":6},"minecraft:dropped":{"minecraft:stone_axe":1},"minecraft:custom":{"minecraft:time_since_rest":11229,"minecraft:interact_with_furnace":14,"minecraft:sprint_one_cm":73744,"minecraft:damage_taken":110,"minecraft:walk_one_cm":39677,"minecraft:mob_kills":13,"minecraft:drop":1,"minecraft:damage_dealt":1158,"minecraft:interact_with_crafting_table":9,"minecraft:swim_one_cm":10158,"minecraft:fly_one_cm":178165,"minecraft:open_chest":2,"minecraft:play_time":11229,"minecraft:sneak_time":8,"minecraft:walk_under_water_one_cm":2016,"minecraft:jump":549,"minecraft:leave_game":2,"minecraft:walk_on_water_one_cm":6852,"minecraft:time_since_death":11229,"minecraft:total_world_time":11229,"minecraft:fall_one_cm":14707},"minecraft:mined":{"minecraft:furnace":1,"minecraft:iron_ore":3,"minecraft:crafting_table":3,"minecraft:grass":5,"minecraft:grass_block":2,"minecraft:coal_ore":25,"minecraft:oak_log":25,"minecraft:tall_grass":6,"minecraft:stone":24,"minecraft:oak_leaves":8},"minecraft:used":{"minecraft:stone_pickaxe":51,"minecraft:wooden_pickaxe":8,"minecraft:stone_axe":62,"minecraft:cobblestone":4,"minecraft:crafting_table":3,"minecraft:oak_sapling":3,"minecraft:furnace":1,"minecraft:cooked_porkchop":4},"minecraft:picked_up":{"minecraft:raw_iron":3,"minecraft:stick":4,"minecraft:crafting_table":3,"minecraft:porkchop":12,"minecraft:oak_log":25,"minecraft:dirt":2,"minecraft:stone_axe":1,"minecraft:oak_sapling":3,"minecraft:mutton":8,"minecraft:coal":25,"minecraft:white_wool":6,"minecraft:cobblestone":24,"minecraft:furnace":1}},"DataVersion":3465}