{"stats":{"minecraft:dropped":{"minecraft:enchanted_book":1,"minecraft:wheat_seeds":176,"minecraft:cooked_beef":14,"minecraft:cobblestone":538,"minecraft:leather":1,"minecraft:spruce_fence_gate":2,"minecraft:cobblestone_stairs":8,"minecraft:oxeye_daisy":2,"minecraft:dirt":127,"minecraft:cornflower":3,"minecraft:brown_wool":1,"minecraft:snout_armor_trim_smithing_template":2,"minecraft:amethyst_shard":1,"minecraft:paper":12,"minecraft:white_wool":3,"minecraft:dandelion":5,"minecraft:oak_door":1,"minecraft:wheat":114,"minecraft:beetroot":1,"minecraft:rotten_flesh":3,"minecraft:poppy":3,"minecraft:spruce_trapdoor":4,"minecraft:diamond_pickaxe":1,"minecraft:andesite":34,"minecraft:netherrack":654},"minecraft:custom":{"minecraft:interact_with_smithing_table":1,"minecraft:interact_with_anvil":8,"minecraft:mob_kills":165,"minecraft:animals_bred":87,"minecraft:interact_with_crafting_table":94,"minecraft:leave_game":45,"minecraft:time_since_death":320808,"minecraft:climb_one_cm":4153,"minecraft:sprint_one_cm":3570288,"minecraft:walk_one_cm":4038090,"minecraft:drop":73,"minecraft:talked_to_villager":194,"minecraft:play_time":1099045,"minecraft:sneak_time":9196,"minecraft:deaths":16,"minecraft:walk_under_water_one_cm":8092,"minecraft:jump":12732,"minecraft:walk_on_water_one_cm":40333,"minecraft:total_world_time":1099045,"minecraft:interact_with_furnace":81,"minecraft:traded_with_villager":292,"minecraft:interact_with_stonecutter":1,"minecraft:interact_with_grindstone":1,"minecraft:sleep_in_bed":58,"minecraft:time_since_rest":21081,"minecraft:open_enderchest":4,"minecraft:damage_taken":10012,"minecraft:damage_dealt":22273,"minecraft:swim_one_cm":28470,"minecraft:fly_one_cm":2565164,"minecraft:open_chest":642,"minecraft:crouch_one_cm":36238,"minecraft:fish_caught":6,"minecraft:interact_with_smoker":1,"minecraft:fall_one_cm":245369,"minecraft:horse_one_cm":36252},"minecraft:picked_up":{"minecraft:iron_chestplate":8,"minecraft:crafting_table":5,"minecraft:wheat":398,"minecraft:creeper_head":1,"minecraft:oak_stairs":25,"minecraft:enchanted_book":4,"minecraft:chain":9,"minecraft:cornflower":6,"minecraft:string":11,"minecraft:iron_axe":7,"minecraft:iron_leggings":5,"minecraft:iron_shovel":4,"minecraft:shroomlight":10,"minecraft:beetroot":12,"minecraft:gold_nugget":16,"minecraft:spruce_planks":138,"minecraft:beef":160,"minecraft:poppy":8,"minecraft:iron_pickaxe":36,"minecraft:sugar_cane":989,"minecraft:chest":6,"minecraft:birch_sapling":24,"minecraft:spruce_trapdoor":4,"minecraft:iron_boots":8,"minecraft:furnace":1,"minecraft:raw_iron":2,"minecraft:stick":136,"minecraft:oak_door":1,"minecraft:oak_fence":34,"minecraft:torch":168,"minecraft:spruce_stairs":8,"minecraft:porkchop":37,"minecraft:pointed_dripstone":1,"minecraft:redstone":2,"minecraft:golden_chestplate":1,"minecraft:quartz_block":169,"minecraft:stone_sword":2,"minecraft:arrow":14,"minecraft:weeping_vines":7,"minecraft:rotten_flesh":61,"minecraft:beetroot_seeds":32,"minecraft:shears":2,"minecraft:glowstone":81,"minecraft:white_terracotta":62,"minecraft:mutton":4,"minecraft:oxeye_daisy":3,"minecraft:cod":5,"minecraft:white_wool":3,"minecraft:cobblestone":2234,"minecraft:birch_log":46,"minecraft:leather_chestplate":2,"minecraft:cooked_beef":73,"minecraft:andesite":60,"minecraft:salmon":1,"minecraft:leather":206,"minecraft:brown_wool":1,"minecraft:golden_leggings":1,"minecraft:potato":67,"minecraft:birch_planks":110,"minecraft:flint":10,"minecraft:oak_log":230,"minecraft:golden_boots":1,"minecraft:nether_wart_block":3,"minecraft:cobblestone_stairs":14,"minecraft:lapis_lazuli":32,"minecraft:dirt":2903,"minecraft:paper":108,"minecraft:lantern":14,"minecraft:white_banner":1,"minecraft:glass":42,"minecraft:bone":11,"minecraft:apple":6,"minecraft:bow":4,"minecraft:wheat_seeds":1072,"minecraft:iron_ingot":265,"minecraft:stone_pickaxe":1,"minecraft:glowstone_dust":197,"minecraft:iron_sword":11,"minecraft:oak_planks":92,"minecraft:book":10,"minecraft:sweet_berries":208,"minecraft:dandelion":9,"minecraft:quartz":1398,"minecraft:poisonous_potato":1,"minecraft:dripstone_block":2,"minecraft:gravel":42,"minecraft:sand":437,"minecraft:amethyst_shard":3,"minecraft:spruce_sapling":18,"minecraft:ink_sac":7,"minecraft:spruce_log":377,"minecraft:white_bed":3,"minecraft:grass_block":4,"minecraft:spider_eye":3,"minecraft:mossy_cobblestone":83,"minecraft:spruce_fence_gate":2,"minecraft:snout_armor_trim_smithing_template":4,"minecraft:iron_helmet":8,"minecraft:crossbow":4,"minecraft:granite":32,"minecraft:emerald":4,"minecraft:bread":2,"minecraft:oak_sapling":36,"minecraft:netherrack":9253,"minecraft:coal":190,"minecraft:oak_leaves":432,"minecraft:crimson_roots":18,"minecraft:diamond_pickaxe":8,"minecraft:ender_pearl":16},"minecraft:crafted":{"minecraft:black_dye":7,"minecraft:oak_planks":384,"minecraft:stone_shovel":4,"minecraft:fishing_rod":1,"minecraft:iron_nugget":270,"minecraft:chain":38,"minecraft:furnace":1,"minecraft:cobblestone_stairs":60,"minecraft:spruce_fence":12,"minecraft:cooked_mutton":4,"minecraft:glass":114,"minecraft:quartz_block":291,"minecraft:lantern":24,"minecraft:spruce_stairs":52,"minecraft:bow":1,"minecraft:iron_boots":1,"minecraft:iron_axe":6,"minecraft:mossy_cobblestone_slab":18,"minecraft:stone_pickaxe":3,"minecraft:chest":14,"minecraft:oak_fence":3,"minecraft:cooked_beef":136,"minecraft:cooked_cod":5,"minecraft:emerald":276,"minecraft:cooked_porkchop":27,"minecraft:crafting_table":3,"minecraft:spruce_planks":1508,"minecraft:wooden_pickaxe":1,"minecraft:iron_helmet":1,"minecraft:iron_sword":3,"minecraft:bucket":1,"minecraft:birch_planks":184,"minecraft:stone_axe":2,"minecraft:glowstone":49,"minecraft:enchanted_book":12,"minecraft:air":0,"minecraft:black_stained_glass":48,"minecraft:book":18,"minecraft:iron_chestplate":1,"minecraft:wooden_hoe":1,"minecraft:paper":795,"minecraft:diamond_pickaxe":4,"minecraft:stick":216,"minecraft:oak_stairs":60,"minecraft:iron_pickaxe":31,"minecraft:wooden_axe":1,"minecraft:stone_sword":2,"minecraft:black_stained_glass_pane":128,"minecraft:iron_shovel":13,"minecraft:iron_leggings":1,"minecraft:white_bed":1,"minecraft:torch":108,"minecraft:shears":3},"minecraft:used":{"minecraft:oak_fence":29,"minecraft:beetroot":2,"minecraft:stone_sword":57,"minecraft:iron_shovel":1820,"minecraft:stone_shovel":524,"minecraft:poppy":460,"minecraft:chest":20,"minecraft:spruce_planks":1184,"minecraft:iron_sword":218,"minecraft:netherrack":657,"minecraft:torch":183,"minecraft:dirt":2050,"minecraft:spruce_stairs":56,"minecraft:weeping_vines":5,"minecraft:spruce_fence":12,"minecraft:glass":60,"minecraft:shroomlight":6,"minecraft:wooden_axe":13,"minecraft:black_stained_glass_pane":128,"minecraft:lantern":31,"minecraft:iron_axe":752,"minecraft:oak_stairs":83,"minecraft:birch_sapling":24,"minecraft:quartz_block":454,"minecraft:mossy_cobblestone_slab":18,"minecraft:crimson_roots":11,"minecraft:glowstone":17,"minecraft:bow":36,"minecraft:sweet_berries":78,"minecraft:oak_sapling":28,"minecraft:furnace":2,"minecraft:cooked_cod":5,"minecraft:beetroot_seeds":14,"minecraft:potato":27,"minecraft:cooked_beef":88,"minecraft:golden_boots":1,"minecraft:wheat_seeds":397,"minecraft:cooked_mutton":4,"minecraft:water_bucket":14,"minecraft:cobblestone_stairs":24,"minecraft:birch_planks":29,"minecraft:oak_planks":151,"minecraft:stone_pickaxe":230,"minecraft:sugar_cane":10,"minecraft:oak_leaves":319,"minecraft:mossy_cobblestone":29,"minecraft:sand":131,"minecraft:crafting_table":7,"minecraft:white_bed":4,"minecraft:shears":401,"minecraft:oak_log":9,"minecraft:wooden_hoe":59,"minecraft:oxeye_daisy":1,"minecraft:diamond_pickaxe":5155,"minecraft:cornflower":3,"minecraft:apple":4,"minecraft:iron_pickaxe":5041,"minecraft:bread":2,"minecraft:spruce_sapling":13,"minecraft:stone_axe":247,"minecraft:fishing_rod":8,"minecraft:cobblestone":108,"minecraft:cooked_porkchop":27,"minecraft:bucket":14,"minecraft:chain":40,"minecraft:dandelion":3},"minecraft:mined":{"minecraft:nether_gold_ore":4,"minecraft:spruce_planks":128,"minecraft:white_bed":2,"minecraft:oak_sapling":1,"minecraft:farmland":56,"minecraft:mossy_cobblestone":54,"minecraft:cobblestone_stairs":14,"minecraft:granite":32,"minecraft:spruce_fence":1,"minecraft:grass_block":1312,"minecraft:crimson_roots":9,"minecraft:weeping_vines":1,"minecraft:spruce_leaves":145,"minecraft:oxeye_daisy":2,"minecraft:black_stained_glass_pane":5,"minecraft:weeping_vines_plant":7,"minecraft:glowstone":80,"minecraft:furnace":1,"minecraft:iron_ore":2,"minecraft:andesite":60,"minecraft:potatoes":47,"minecraft:shroomlight":8,"minecraft:dirt_path":188,"minecraft:oak_stairs":24,"minecraft:lantern":14,"minecraft:stone":1924,"minecraft:white_wool":1,"minecraft:podzol":1,"minecraft:glass_pane":3,"minecraft:quartz_block":161,"minecraft:crimson_nylium":74,"minecraft:dandelion":8,"minecraft:oak_fence":36,"minecraft:cornflower":6,"minecraft:torch":33,"minecraft:crafting_table":5,"minecraft:poppy":9,"minecraft:chest":5,"minecraft:nether_quartz_ore":519,"minecraft:tall_grass":53,"minecraft:glass":37,"minecraft:cobblestone":73,"minecraft:oak_planks":58,"minecraft:lapis_ore":2,"minecraft:sugar_cane":519,"minecraft:wall_torch":50,"minecraft:white_terracotta":31,"minecraft:spruce_stairs":8,"minecraft:chain":9,"minecraft:birch_planks":29,"minecraft:sweet_berry_bush":65,"minecraft:nether_wart_block":1,"minecraft:birch_log":46,"minecraft:wheat":284,"minecraft:spruce_log":384,"minecraft:birch_leaves":1,"minecraft:grass":439,"minecraft:coal_ore":114,"minecraft:oak_log":142,"minecraft:beetroots":12,"minecraft:gravel":44,"minecraft:sand":128,"minecraft:dripstone_block":2,"minecraft:dirt":1131,"minecraft:netherrack":7316,"minecraft:oak_leaves":494},"minecraft:killed_by":{"minecraft:creeper":2,"minecraft:piglin":5,"minecraft:skeleton":4,"minecraft:zombie":1},"minecraft:killed":{"minecraft:spider":5,"minecraft:skeleton":5,"minecraft:piglin":4,"minecraft:pig":8,"minecraft:zombie_villager":1,"minecraft:hoglin":6,"minecraft:creeper":5,"minecraft:squid":4,"minecraft:sheep":3,"minecraft:zombie":28,"minecraft:enderman":10,"minecraft:cow":82},"minecraft:broken":{"minecraft:iron_shovel":6,"minecraft:shears":1,"minecraft:golden_leggings":1,"minecraft:stone_pickaxe":1,"minecraft:diamond_pickaxe":1,"minecraft:iron_axe":2,"minecraft:stone_axe":2,"minecraft:iron_pickaxe":17,"minecraft:wooden_hoe":1,"minecraft:stone_shovel":4,"minecraft:golden_chestplate":1}},"DataVersion":3465}